epoch,ABC-Auction_trial0,ABC-Auction_trial1,ABC-Auction_trial2,ABC-Auction_trial3,ABC-Auction_trial4,ABC-Auction_trial5,ABC-Auction_trial6,ABC-Auction_trial7,ABC-Auction_trial8,ABC-Auction_trial9,ABC-Auction_trial10,ABC-Auction_trial11,ABC-Auction_trial12,ABC-Auction_trial13,ABC-Auction_trial14,HEED_trial0,HEED_trial1,HEED_trial2,HEED_trial3,HEED_trial4,HEED_trial5,HEED_trial6,HEED_trial7,HEED_trial8,HEED_trial9,HEED_trial10,HEED_trial11,HEED_trial12,HEED_trial13,HEED_trial14,LEACH_trial0,LEACH_trial1,LEACH_trial2,LEACH_trial3,LEACH_trial4,LEACH_trial5,LEACH_trial6,LEACH_trial7,LEACH_trial8,LEACH_trial9,LEACH_trial10,LEACH_trial11,LEACH_trial12,LEACH_trial13,LEACH_trial14
0,50,50,50,50,50,50,50,50,50,50,50,50,50,50,50,50,50,50,50,50,50,50,50,50,50,50,50,50,50,50,50.0,50.0,50.0,50.0,50.0,50.0,50.0,50.0,50.0,50.0,50.0,50.0,50.0,50.0,50.0
1,50,50,50,50,50,50,50,50,50,50,50,50,50,50,50,50,50,50,50,50,50,50,50,50,50,50,50,50,50,50,50.0,50.0,50.0,50.0,50.0,50.0,50.0,50.0,50.0,50.0,50.0,50.0,50.0,50.0,50.0
2,50,50,50,50,50,50,50,50,50,50,50,50,50,50,50,50,50,50,50,50,50,50,50,50,50,50,50,50,50,50,50.0,50.0,50.0,50.0,50.0,50.0,50.0,50.0,50.0,50.0,50.0,50.0,50.0,50.0,50.0
3,50,50,50,50,50,50,50,50,50,50,50,50,50,50,50,50,50,50,50,50,50,50,50,50,50,50,50,50,50,50,50.0,50.0,50.0,50.0,50.0,50.0,50.0,50.0,50.0,50.0,50.0,50.0,50.0,50.0,50.0
4,50,50,50,50,50,50,50,50,50,50,50,50,50,50,50,50,50,50,50,50,50,50,50,50,50,50,50,50,50,50,50.0,50.0,50.0,50.0,50.0,50.0,50.0,50.0,50.0,50.0,50.0,50.0,50.0,50.0,50.0
5,50,50,50,50,50,50,50,50,50,50,50,50,50,50,50,50,50,50,50,50,50,50,50,50,50,50,50,50,50,50,50.0,50.0,50.0,50.0,50.0,50.0,50.0,50.0,50.0,50.0,50.0,50.0,50.0,50.0,50.0
6,50,50,50,50,50,50,50,50,50,50,50,50,50,50,50,50,50,50,50,50,50,50,50,50,50,50,50,50,50,50,50.0,50.0,50.0,50.0,50.0,50.0,50.0,50.0,50.0,50.0,50.0,50.0,50.0,50.0,50.0
7,50,50,50,50,50,50,50,50,50,50,50,50,50,50,50,50,50,50,50,50,50,50,50,50,50,50,50,50,50,50,50.0,50.0,50.0,50.0,50.0,50.0,50.0,50.0,50.0,50.0,50.0,50.0,50.0,50.0,50.0
8,50,50,50,50,50,50,50,50,50,50,50,50,50,50,50,50,50,50,50,50,50,50,50,50,50,50,50,50,50,50,50.0,50.0,50.0,50.0,50.0,50.0,50.0,50.0,50.0,50.0,50.0,50.0,50.0,50.0,50.0
9,50,50,50,50,50,50,50,50,50,50,50,50,50,50,50,50,50,50,50,50,50,50,50,50,50,50,50,50,50,50,50.0,50.0,50.0,50.0,50.0,50.0,50.0,50.0,50.0,50.0,50.0,50.0,50.0,50.0,50.0
10,50,50,50,50,50,50,50,50,50,50,50,50,50,50,50,50,50,50,50,50,50,50,50,50,50,50,50,50,50,50,50.0,50.0,50.0,50.0,50.0,50.0,50.0,50.0,50.0,50.0,50.0,50.0,50.0,50.0,50.0
11,50,50,50,50,50,50,50,50,50,50,50,50,50,50,50,50,50,50,50,50,50,50,50,50,50,50,50,50,50,50,50.0,50.0,50.0,50.0,50.0,50.0,50.0,50.0,50.0,50.0,50.0,50.0,50.0,50.0,50.0
12,50,50,50,50,50,50,50,50,50,50,50,50,50,50,50,50,50,50,50,50,50,50,50,50,50,50,50,50,50,50,50.0,50.0,50.0,50.0,50.0,50.0,50.0,50.0,50.0,50.0,50.0,50.0,50.0,50.0,50.0
13,50,50,50,50,50,50,50,50,50,50,50,50,50,50,50,50,50,50,50,50,50,50,50,50,50,50,50,50,50,50,50.0,50.0,50.0,50.0,50.0,50.0,50.0,50.0,50.0,50.0,50.0,50.0,50.0,50.0,50.0
14,50,50,50,50,50,50,50,50,50,50,50,50,50,50,50,50,50,50,50,50,50,50,50,50,50,50,50,50,50,50,50.0,50.0,50.0,50.0,50.0,50.0,50.0,50.0,50.0,50.0,50.0,50.0,50.0,50.0,50.0
15,50,50,50,50,50,50,50,50,50,50,50,50,50,50,50,50,50,50,50,50,50,50,50,50,50,50,50,50,50,50,50.0,50.0,50.0,50.0,50.0,50.0,50.0,50.0,50.0,50.0,50.0,50.0,50.0,50.0,50.0
16,50,50,50,50,50,50,50,50,50,50,50,50,50,50,50,50,50,50,50,50,50,50,50,50,50,50,50,50,50,50,50.0,50.0,50.0,50.0,50.0,50.0,50.0,50.0,50.0,50.0,50.0,50.0,50.0,50.0,50.0
17,50,50,50,50,50,50,50,50,50,50,50,50,50,50,50,50,50,50,50,50,50,50,50,50,50,50,50,50,50,50,50.0,50.0,50.0,50.0,50.0,50.0,50.0,50.0,50.0,50.0,50.0,50.0,50.0,50.0,50.0
18,50,50,50,50,50,50,50,50,50,50,50,50,50,50,50,50,50,50,50,50,50,50,50,50,50,50,50,50,50,50,50.0,50.0,50.0,50.0,50.0,50.0,50.0,50.0,50.0,50.0,50.0,50.0,50.0,50.0,50.0
19,50,50,50,50,50,50,50,50,50,50,50,50,50,50,50,50,50,50,50,50,50,50,50,50,50,50,50,50,50,50,50.0,50.0,50.0,50.0,50.0,50.0,50.0,50.0,50.0,50.0,50.0,50.0,50.0,50.0,50.0
20,50,50,50,50,50,50,50,50,50,50,50,50,50,50,50,50,50,50,50,50,50,50,50,50,50,50,50,50,50,50,50.0,50.0,50.0,50.0,50.0,50.0,50.0,50.0,50.0,50.0,50.0,50.0,50.0,50.0,50.0
21,50,50,50,50,50,50,50,50,50,50,50,50,50,50,50,50,50,50,50,50,50,50,50,50,50,50,50,50,50,50,50.0,50.0,50.0,50.0,50.0,50.0,50.0,50.0,50.0,50.0,50.0,50.0,50.0,50.0,50.0
22,50,50,50,50,50,50,50,50,50,50,50,50,50,50,50,50,50,50,50,50,50,50,50,50,50,50,50,50,50,50,50.0,50.0,50.0,50.0,50.0,50.0,50.0,50.0,50.0,50.0,50.0,50.0,50.0,50.0,50.0
23,50,50,50,50,50,50,50,50,50,50,50,50,50,50,50,50,50,50,50,50,50,50,50,50,50,50,50,50,49,50,50.0,50.0,50.0,50.0,50.0,50.0,50.0,50.0,50.0,50.0,50.0,50.0,50.0,50.0,50.0
24,50,50,50,50,50,50,50,50,50,50,50,50,50,50,50,50,50,50,50,50,50,50,50,50,50,50,50,50,49,50,50.0,50.0,50.0,50.0,50.0,50.0,50.0,50.0,50.0,50.0,50.0,50.0,50.0,50.0,50.0
25,50,50,50,50,50,50,50,50,50,50,50,50,50,50,50,50,50,50,50,50,50,50,50,50,50,50,50,50,49,50,50.0,50.0,50.0,50.0,50.0,50.0,50.0,50.0,50.0,50.0,50.0,50.0,50.0,50.0,50.0
26,50,50,50,50,50,50,50,50,50,50,50,50,50,50,50,50,50,50,50,50,50,50,50,50,50,50,50,50,49,50,50.0,50.0,50.0,50.0,50.0,50.0,50.0,50.0,50.0,50.0,50.0,50.0,50.0,50.0,50.0
27,50,50,50,50,50,50,50,50,50,50,50,50,50,50,50,50,50,50,50,50,50,50,50,50,50,50,50,50,49,50,50.0,50.0,50.0,50.0,50.0,50.0,50.0,50.0,50.0,50.0,50.0,50.0,50.0,50.0,50.0
28,50,50,50,50,50,50,50,50,50,50,50,50,50,50,50,50,50,50,50,50,50,50,50,50,50,50,50,50,49,50,50.0,50.0,50.0,50.0,50.0,50.0,50.0,50.0,50.0,50.0,50.0,50.0,50.0,50.0,50.0
29,50,50,50,50,50,50,50,50,50,50,50,50,50,50,50,50,50,50,50,49,50,50,50,50,50,49,50,50,49,50,50.0,50.0,50.0,50.0,50.0,50.0,50.0,50.0,50.0,50.0,50.0,50.0,50.0,50.0,50.0
30,50,50,50,50,50,50,50,50,50,50,50,50,50,50,50,50,50,50,50,49,50,50,50,50,50,49,50,50,49,50,50.0,50.0,50.0,50.0,50.0,50.0,50.0,50.0,50.0,50.0,50.0,50.0,50.0,50.0,50.0
31,50,50,50,50,50,50,50,50,50,50,50,50,50,50,50,50,50,50,50,49,50,50,50,50,50,49,50,50,49,50,50.0,50.0,50.0,50.0,50.0,50.0,50.0,50.0,50.0,50.0,50.0,50.0,50.0,50.0,50.0
32,50,50,50,50,50,50,50,50,50,50,50,50,50,50,50,50,50,49,50,49,50,50,50,50,50,49,50,50,49,50,50.0,50.0,50.0,50.0,50.0,50.0,50.0,50.0,50.0,50.0,50.0,50.0,50.0,50.0,50.0
33,50,50,50,50,50,50,50,50,50,50,50,50,50,50,50,50,50,49,50,49,50,50,50,50,50,48,50,50,49,49,50.0,50.0,50.0,50.0,50.0,50.0,50.0,50.0,50.0,50.0,50.0,50.0,50.0,50.0,50.0
34,50,50,50,50,50,50,50,50,50,50,50,50,50,50,50,50,50,49,49,49,50,50,50,50,50,48,50,50,49,49,50.0,50.0,50.0,50.0,50.0,50.0,50.0,50.0,49.0,50.0,50.0,50.0,50.0,50.0,50.0
35,50,50,50,50,50,50,50,50,50,50,50,50,50,50,50,50,49,49,49,49,50,50,50,50,50,48,50,49,49,49,50.0,50.0,50.0,50.0,50.0,50.0,50.0,50.0,49.0,50.0,50.0,50.0,49.0,50.0,50.0
36,50,50,50,50,50,50,50,50,50,50,50,50,50,50,50,50,49,49,49,49,50,50,50,50,50,48,50,49,49,49,50.0,50.0,50.0,50.0,50.0,50.0,50.0,50.0,49.0,50.0,50.0,50.0,49.0,50.0,50.0
37,50,50,50,50,50,50,50,50,50,50,50,50,50,50,50,50,49,49,49,49,50,49,50,48,50,48,50,49,49,49,50.0,50.0,50.0,50.0,50.0,50.0,50.0,50.0,49.0,50.0,50.0,50.0,49.0,50.0,50.0
38,50,50,50,50,50,50,50,50,50,50,50,50,50,50,50,50,49,49,49,49,50,49,50,48,50,48,50,49,49,49,50.0,50.0,50.0,50.0,50.0,50.0,50.0,50.0,49.0,50.0,50.0,50.0,49.0,50.0,50.0
39,50,50,50,50,50,50,50,50,50,50,50,50,50,50,50,50,49,49,49,49,50,49,50,48,50,48,50,49,49,49,50.0,50.0,50.0,50.0,50.0,50.0,49.0,50.0,49.0,50.0,50.0,50.0,49.0,50.0,50.0
40,50,50,50,50,50,50,50,50,50,50,50,50,50,50,50,50,48,49,48,49,50,49,50,48,50,48,50,49,49,49,50.0,50.0,50.0,50.0,50.0,50.0,49.0,50.0,49.0,50.0,50.0,50.0,49.0,50.0,50.0
41,50,50,50,50,50,50,50,50,50,50,50,50,50,50,50,50,48,49,48,49,50,49,50,48,50,48,50,49,49,49,50.0,50.0,50.0,49.0,50.0,50.0,49.0,50.0,49.0,50.0,50.0,50.0,49.0,50.0,50.0
42,50,50,50,50,50,50,50,50,50,50,50,50,50,50,50,50,48,49,48,49,50,49,50,48,50,48,49,49,49,49,50.0,50.0,50.0,49.0,50.0,50.0,49.0,50.0,49.0,50.0,50.0,50.0,49.0,50.0,50.0
43,50,50,50,50,50,50,50,50,50,50,50,50,50,50,50,50,48,49,48,49,50,49,50,48,50,48,49,49,49,49,50.0,50.0,50.0,49.0,50.0,50.0,49.0,50.0,49.0,50.0,50.0,50.0,49.0,50.0,50.0
44,50,50,50,50,50,50,50,50,50,50,50,50,50,50,50,50,48,49,48,49,50,49,50,48,50,48,49,49,49,49,50.0,50.0,50.0,49.0,50.0,50.0,49.0,50.0,49.0,50.0,50.0,49.0,49.0,50.0,50.0
45,50,50,50,50,50,50,50,50,50,50,50,50,50,50,50,50,48,48,48,49,50,49,50,48,50,48,49,49,49,49,50.0,50.0,50.0,49.0,50.0,50.0,49.0,50.0,49.0,49.0,50.0,49.0,49.0,50.0,50.0
46,50,50,50,50,50,50,50,50,50,50,50,50,50,50,50,50,48,48,48,49,50,49,50,48,50,48,49,49,49,49,50.0,50.0,50.0,49.0,50.0,50.0,49.0,50.0,49.0,49.0,50.0,49.0,49.0,50.0,50.0
47,50,50,50,50,50,50,50,50,50,50,50,50,50,50,50,50,48,48,48,49,50,49,50,48,50,48,49,49,48,49,50.0,50.0,50.0,49.0,50.0,50.0,49.0,50.0,49.0,49.0,50.0,49.0,49.0,50.0,50.0
48,50,50,50,50,50,50,50,50,50,50,50,50,50,50,50,50,48,48,48,49,50,49,49,48,50,48,49,49,48,49,50.0,50.0,50.0,49.0,50.0,50.0,49.0,50.0,49.0,49.0,50.0,49.0,49.0,50.0,50.0
49,50,50,50,50,50,50,50,50,50,50,50,50,50,50,50,49,48,47,47,49,50,49,48,48,50,47,49,48,48,49,50.0,50.0,49.0,49.0,50.0,50.0,49.0,50.0,49.0,49.0,50.0,49.0,49.0,50.0,50.0
50,50,50,50,50,50,50,50,50,50,50,50,50,50,50,50,48,48,47,47,49,50,49,48,48,49,47,49,48,48,49,50.0,49.0,49.0,49.0,50.0,50.0,49.0,50.0,49.0,49.0,50.0,49.0,49.0,50.0,50.0
51,50,50,50,50,50,50,50,50,50,50,50,50,50,50,50,48,48,47,47,49,50,49,48,48,49,47,48,48,48,49,50.0,49.0,49.0,49.0,50.0,50.0,49.0,50.0,49.0,49.0,49.0,48.0,49.0,50.0,50.0
52,50,50,50,50,50,50,50,50,50,50,50,50,50,50,50,48,48,47,47,49,50,48,48,48,49,47,48,47,48,49,50.0,49.0,49.0,49.0,50.0,50.0,49.0,49.0,49.0,49.0,49.0,48.0,49.0,50.0,49.0
53,50,50,50,50,50,50,50,50,50,50,50,50,50,50,50,48,48,47,47,49,50,48,48,48,48,47,48,47,48,49,50.0,49.0,49.0,49.0,50.0,50.0,49.0,49.0,49.0,49.0,49.0,48.0,49.0,50.0,49.0
54,50,50,50,50,50,50,50,50,50,50,50,50,50,50,50,48,48,47,47,49,50,48,48,48,48,47,48,47,48,49,50.0,49.0,49.0,49.0,50.0,50.0,49.0,49.0,49.0,49.0,49.0,48.0,49.0,50.0,49.0
55,50,50,50,50,50,50,50,50,50,50,50,50,50,50,50,48,48,47,47,49,50,48,48,48,48,47,48,47,48,48,50.0,48.0,49.0,49.0,50.0,50.0,49.0,49.0,49.0,49.0,49.0,48.0,49.0,50.0,49.0
56,50,50,50,50,50,50,50,50,50,50,50,50,50,50,50,48,48,47,47,49,50,48,48,48,48,47,48,47,48,48,50.0,48.0,49.0,49.0,50.0,50.0,49.0,49.0,49.0,49.0,49.0,48.0,49.0,50.0,49.0
57,50,50,50,50,50,50,50,50,50,50,50,50,50,50,50,48,47,47,47,49,49,48,48,48,46,47,48,47,48,48,50.0,48.0,49.0,49.0,50.0,50.0,49.0,49.0,48.0,48.0,49.0,48.0,49.0,50.0,49.0
58,50,50,50,50,50,50,50,50,50,50,50,50,50,50,50,48,47,47,47,49,49,48,48,48,46,47,48,47,48,48,50.0,48.0,49.0,49.0,50.0,50.0,49.0,49.0,48.0,48.0,49.0,48.0,49.0,50.0,49.0
59,50,50,50,50,50,50,50,50,50,50,50,50,50,50,50,48,47,47,47,49,49,48,48,48,46,47,48,47,48,47,50.0,48.0,49.0,49.0,49.0,50.0,49.0,49.0,48.0,48.0,49.0,48.0,49.0,50.0,49.0
60,50,50,50,50,50,50,50,50,50,50,50,50,50,50,50,47,47,47,47,49,49,48,48,47,46,47,48,47,48,47,50.0,48.0,49.0,49.0,49.0,50.0,49.0,48.0,48.0,48.0,49.0,48.0,49.0,50.0,49.0
61,50,50,50,50,50,50,50,50,50,50,50,50,50,50,50,47,47,47,47,49,48,48,47,47,46,47,48,47,48,47,50.0,48.0,49.0,49.0,49.0,50.0,49.0,48.0,48.0,48.0,49.0,48.0,48.0,50.0,49.0
62,50,50,50,50,50,50,50,50,50,50,50,50,50,50,50,47,47,47,47,49,48,48,47,47,46,46,48,47,47,47,50.0,48.0,49.0,49.0,49.0,50.0,49.0,48.0,47.0,47.0,49.0,48.0,48.0,50.0,49.0
63,50,50,50,50,50,50,50,50,50,50,50,50,50,50,50,47,47,47,47,49,48,48,47,47,46,46,48,47,47,47,50.0,48.0,49.0,49.0,49.0,50.0,48.0,48.0,47.0,47.0,49.0,48.0,48.0,50.0,49.0
64,50,50,50,50,50,50,50,50,50,50,50,50,50,50,50,46,47,47,47,47,47,47,47,47,46,46,48,47,47,47,50.0,48.0,49.0,49.0,49.0,50.0,48.0,48.0,47.0,47.0,49.0,48.0,48.0,49.0,49.0
65,50,50,50,50,50,50,50,50,50,50,50,50,50,50,50,46,47,47,47,47,47,47,47,47,46,46,48,47,47,46,50.0,46.0,48.0,49.0,49.0,49.0,48.0,48.0,46.0,47.0,49.0,48.0,47.0,49.0,49.0
66,50,50,50,50,50,50,50,50,50,50,50,50,50,50,50,46,47,46,47,47,47,47,47,46,46,46,48,47,47,46,49.0,46.0,48.0,49.0,49.0,49.0,48.0,48.0,46.0,47.0,49.0,48.0,47.0,49.0,49.0
67,50,50,50,50,50,50,50,50,50,50,50,50,50,50,50,46,47,46,47,47,47,47,46,46,46,46,48,46,47,46,49.0,45.0,48.0,49.0,49.0,49.0,48.0,48.0,46.0,47.0,49.0,48.0,47.0,49.0,49.0
68,50,50,50,50,50,50,50,50,50,50,50,50,50,50,50,46,47,46,47,47,47,47,46,46,46,46,47,46,47,46,49.0,45.0,48.0,49.0,49.0,48.0,48.0,48.0,46.0,47.0,49.0,48.0,47.0,49.0,49.0
69,50,50,50,50,50,50,50,50,50,50,50,50,50,50,50,46,46,45,47,47,47,47,46,46,46,46,47,45,47,46,49.0,45.0,47.0,49.0,49.0,47.0,48.0,48.0,46.0,47.0,49.0,48.0,47.0,49.0,49.0
70,50,50,50,50,50,50,50,50,50,50,50,50,50,50,50,46,45,45,47,47,47,47,46,46,46,46,47,45,47,46,49.0,45.0,47.0,49.0,49.0,47.0,48.0,48.0,46.0,47.0,49.0,48.0,47.0,49.0,49.0
71,50,50,50,50,50,50,50,50,50,50,50,50,50,50,50,46,45,45,47,47,47,46,46,46,46,46,46,45,47,46,49.0,45.0,47.0,49.0,48.0,47.0,47.0,48.0,46.0,47.0,48.0,48.0,47.0,49.0,48.0
72,50,50,50,50,50,50,50,50,50,50,50,50,50,50,50,46,44,45,47,47,47,46,46,46,46,46,46,45,47,46,48.0,45.0,47.0,49.0,48.0,46.0,47.0,48.0,45.0,47.0,48.0,48.0,47.0,48.0,48.0
73,50,50,50,50,50,50,50,50,50,50,50,50,50,50,50,46,44,45,47,47,47,46,46,46,46,46,46,45,47,46,48.0,45.0,47.0,49.0,48.0,45.0,47.0,48.0,45.0,46.0,48.0,48.0,47.0,48.0,48.0
74,50,50,50,50,50,50,50,50,50,50,50,50,50,50,50,45,44,45,46,47,47,46,46,46,46,46,46,45,46,46,48.0,45.0,47.0,49.0,48.0,45.0,47.0,48.0,45.0,46.0,48.0,48.0,47.0,48.0,47.0
75,50,50,50,50,50,50,50,50,50,50,50,50,50,50,50,45,44,45,46,47,47,46,46,46,46,46,46,45,45,46,48.0,44.0,47.0,49.0,47.0,45.0,47.0,46.0,45.0,45.0,48.0,48.0,47.0,48.0,47.0
76,50,50,50,50,50,50,50,50,50,50,50,50,50,50,50,45,44,45,46,47,47,46,46,46,45,46,46,45,45,46,48.0,44.0,47.0,48.0,47.0,45.0,47.0,46.0,45.0,45.0,47.0,48.0,47.0,48.0,47.0
77,50,50,50,50,50,50,50,50,50,50,50,50,50,50,50,45,44,45,46,46,47,46,46,46,45,46,46,44,45,46,48.0,44.0,47.0,48.0,47.0,45.0,47.0,46.0,44.0,45.0,44.0,47.0,47.0,48.0,47.0
78,50,50,50,50,50,50,50,50,50,50,50,50,50,50,50,45,44,45,45,46,47,46,46,46,45,45,46,44,45,46,48.0,44.0,47.0,48.0,47.0,45.0,47.0,46.0,44.0,45.0,44.0,46.0,47.0,48.0,47.0
79,50,50,50,50,50,50,50,50,50,50,50,50,50,50,50,43,44,45,45,45,47,46,46,45,45,45,46,44,45,46,48.0,43.0,47.0,47.0,47.0,45.0,47.0,46.0,43.0,45.0,44.0,45.0,47.0,48.0,47.0
80,50,50,50,50,50,50,50,50,50,50,50,50,50,50,50,43,44,45,45,45,47,46,46,44,45,45,46,44,45,46,48.0,43.0,45.0,47.0,47.0,44.0,47.0,46.0,42.0,45.0,44.0,44.0,47.0,48.0,46.0
81,50,50,50,50,50,50,50,50,50,50,50,50,50,50,50,43,44,45,45,45,47,46,45,44,45,45,45,44,45,46,48.0,42.0,45.0,47.0,47.0,44.0,47.0,46.0,42.0,45.0,44.0,44.0,47.0,48.0,45.0
82,50,50,50,50,50,50,50,50,50,50,50,50,50,50,50,43,43,45,45,45,47,46,45,44,45,44,45,43,45,46,48.0,42.0,45.0,47.0,47.0,44.0,47.0,46.0,42.0,45.0,44.0,44.0,47.0,48.0,45.0
83,50,50,50,50,50,50,50,50,50,50,50,50,50,50,50,43,43,45,43,45,47,46,45,44,45,44,45,43,45,46,47.0,41.0,45.0,46.0,47.0,44.0,46.0,46.0,42.0,45.0,44.0,44.0,47.0,48.0,45.0
84,50,50,50,50,50,50,50,50,50,50,50,50,50,50,50,43,43,44,43,43,47,45,45,44,44,44,45,43,45,46,47.0,41.0,45.0,46.0,47.0,44.0,46.0,46.0,41.0,44.0,44.0,44.0,47.0,48.0,45.0
85,50,50,50,50,50,50,50,50,50,50,50,50,50,50,50,43,43,44,43,43,47,45,45,44,44,44,45,43,45,45,47.0,39.0,44.0,46.0,47.0,44.0,46.0,45.0,41.0,44.0,44.0,44.0,47.0,48.0,45.0
86,50,50,50,50,50,50,50,50,50,50,50,50,50,50,50,43,43,43,41,43,47,45,45,44,44,44,45,43,45,45,46.0,39.0,44.0,46.0,47.0,44.0,46.0,45.0,41.0,44.0,44.0,43.0,47.0,47.0,45.0
87,50,50,50,50,50,50,50,50,50,50,50,50,50,50,50,43,43,43,41,43,47,45,45,43,44,44,45,43,45,45,46.0,39.0,44.0,46.0,47.0,44.0,46.0,45.0,41.0,44.0,44.0,43.0,47.0,47.0,45.0
88,50,50,50,50,50,50,50,50,50,50,50,50,50,50,50,43,43,43,41,43,46,45,45,43,44,44,45,43,45,45,46.0,38.0,44.0,46.0,46.0,44.0,44.0,44.0,39.0,43.0,43.0,42.0,47.0,46.0,45.0
89,50,50,50,50,50,50,50,50,50,50,50,50,50,50,50,43,43,43,41,43,46,45,45,43,44,44,45,43,45,45,46.0,38.0,44.0,44.0,46.0,44.0,44.0,44.0,39.0,42.0,43.0,42.0,47.0,45.0,45.0
90,50,50,50,50,50,50,50,50,50,50,50,50,50,50,50,43,43,43,41,43,46,45,45,43,44,44,45,43,45,45,46.0,38.0,44.0,44.0,46.0,44.0,44.0,44.0,39.0,40.0,43.0,42.0,47.0,45.0,44.0
91,50,50,50,50,50,50,50,50,50,50,50,50,50,50,50,43,42,43,41,43,46,45,44,41,44,44,44,43,45,45,46.0,38.0,43.0,44.0,46.0,44.0,43.0,44.0,39.0,40.0,43.0,42.0,47.0,45.0,44.0
92,50,50,50,50,50,50,50,50,50,50,50,50,50,50,50,43,42,43,41,43,46,45,44,41,43,44,44,43,45,45,46.0,38.0,42.0,44.0,45.0,44.0,41.0,44.0,38.0,39.0,43.0,41.0,47.0,45.0,44.0
93,50,50,50,50,50,50,50,50,50,50,50,50,50,50,50,43,41,43,41,43,45,45,44,41,43,44,44,43,45,45,46.0,38.0,42.0,44.0,45.0,43.0,41.0,44.0,38.0,38.0,43.0,41.0,46.0,45.0,44.0
94,50,50,50,50,50,50,50,50,50,50,50,50,50,50,50,43,40,43,41,43,45,44,43,41,43,44,44,43,45,44,46.0,38.0,41.0,42.0,45.0,43.0,40.0,44.0,38.0,38.0,43.0,41.0,45.0,43.0,43.0
95,50,50,50,50,50,50,50,50,50,50,50,50,50,50,50,43,40,43,41,43,44,44,43,41,43,44,44,43,44,44,46.0,38.0,41.0,41.0,44.0,42.0,39.0,42.0,37.0,38.0,42.0,40.0,45.0,43.0,43.0
96,50,50,50,50,50,50,50,50,50,50,50,50,50,50,50,43,40,42,41,43,44,43,43,41,43,44,44,43,44,44,46.0,37.0,39.0,41.0,44.0,42.0,38.0,41.0,37.0,37.0,42.0,39.0,44.0,43.0,42.0
97,50,50,50,50,50,50,50,50,50,50,50,50,50,50,50,43,40,42,41,43,44,43,43,41,43,44,44,43,44,44,46.0,37.0,39.0,40.0,44.0,42.0,38.0,41.0,37.0,37.0,41.0,37.0,44.0,42.0,41.0
98,50,50,50,50,50,50,50,50,50,50,50,50,50,50,50,43,40,42,41,43,44,43,43,41,43,44,44,43,44,44,46.0,37.0,39.0,40.0,44.0,41.0,38.0,41.0,36.0,37.0,39.0,37.0,44.0,42.0,41.0
99,50,50,50,50,50,50,50,50,50,50,50,50,50,50,50,42,40,42,41,43,44,43,43,41,43,43,44,43,44,44,46.0,37.0,37.0,39.0,44.0,40.0,38.0,41.0,36.0,36.0,39.0,37.0,44.0,42.0,41.0
100,50,50,50,50,50,50,50,50,50,50,50,50,50,50,50,42,40,42,41,43,44,42,42,41,43,43,44,43,44,44,45.0,37.0,37.0,39.0,43.0,40.0,38.0,41.0,35.0,34.0,38.0,37.0,43.0,42.0,41.0
101,50,50,50,50,50,50,50,50,50,50,50,50,50,50,50,42,40,42,41,43,44,42,42,40,43,42,44,43,44,44,45.0,37.0,37.0,38.0,42.0,40.0,38.0,41.0,35.0,34.0,38.0,37.0,42.0,42.0,41.0
102,50,50,50,50,50,50,50,50,50,50,50,50,50,50,50,42,40,41,41,43,44,42,42,40,43,42,44,43,44,44,45.0,36.0,36.0,38.0,42.0,39.0,38.0,40.0,35.0,33.0,38.0,36.0,41.0,42.0,41.0
103,50,50,50,50,50,50,50,50,50,50,50,50,50,50,50,41,40,41,41,43,44,42,42,40,43,42,44,43,44,44,45.0,35.0,36.0,38.0,41.0,39.0,38.0,40.0,34.0,33.0,38.0,36.0,41.0,42.0,41.0
104,50,50,50,50,50,50,50,50,50,50,50,50,50,50,50,41,40,41,41,43,44,41,42,40,43,42,44,43,44,44,44.0,35.0,36.0,37.0,41.0,39.0,38.0,40.0,33.0,31.0,38.0,36.0,41.0,42.0,40.0
105,50,50,50,50,50,50,50,50,50,50,50,50,50,50,50,41,40,41,41,43,44,40,42,40,43,42,44,42,44,44,44.0,35.0,36.0,37.0,41.0,39.0,38.0,40.0,33.0,31.0,38.0,36.0,40.0,41.0,40.0
106,50,50,50,50,50,50,50,50,50,50,50,50,50,50,50,41,40,41,41,42,44,40,42,40,42,42,44,42,44,44,44.0,35.0,36.0,37.0,41.0,39.0,38.0,39.0,32.0,31.0,37.0,36.0,40.0,41.0,40.0
107,50,50,50,50,50,50,50,50,50,50,50,50,50,50,50,41,39,41,41,42,43,40,42,40,42,42,43,42,44,43,44.0,35.0,35.0,37.0,41.0,39.0,37.0,39.0,32.0,31.0,36.0,36.0,39.0,41.0,40.0
108,50,50,50,50,50,50,50,50,50,50,50,50,50,50,50,40,39,40,41,42,43,40,42,40,42,42,43,42,44,43,43.0,34.0,34.0,37.0,41.0,39.0,36.0,39.0,32.0,31.0,34.0,35.0,39.0,40.0,40.0
109,50,50,50,50,50,50,50,50,50,50,50,50,50,50,50,40,39,40,41,42,43,40,41,40,42,42,43,42,44,43,43.0,34.0,32.0,37.0,40.0,39.0,36.0,38.0,32.0,31.0,34.0,35.0,38.0,39.0,40.0
110,50,50,50,50,50,50,50,50,50,50,50,50,50,50,50,40,39,40,41,42,43,40,40,40,42,42,43,42,44,43,42.0,34.0,32.0,37.0,40.0,39.0,36.0,38.0,32.0,30.0,34.0,35.0,38.0,39.0,40.0
111,50,50,50,50,50,50,50,50,50,50,50,50,50,50,50,40,39,40,41,42,43,40,40,40,42,42,43,41,43,43,41.0,34.0,32.0,37.0,40.0,39.0,35.0,38.0,31.0,30.0,33.0,34.0,38.0,39.0,40.0
112,50,50,50,50,50,50,50,50,50,50,50,50,50,50,50,40,38,40,41,42,43,40,40,40,42,41,43,41,43,43,40.0,34.0,32.0,37.0,40.0,39.0,34.0,37.0,31.0,30.0,32.0,34.0,38.0,38.0,40.0
113,50,50,50,50,50,50,50,50,50,50,50,50,50,50,50,40,38,40,40,42,43,40,40,40,41,41,43,41,43,43,40.0,34.0,31.0,37.0,39.0,39.0,32.0,37.0,31.0,30.0,32.0,34.0,38.0,37.0,39.0
114,50,50,50,50,50,50,50,50,50,50,50,50,50,50,50,40,38,40,40,41,43,40,40,40,41,39,43,41,43,43,40.0,34.0,30.0,37.0,38.0,39.0,31.0,37.0,30.0,30.0,32.0,34.0,38.0,36.0,39.0
115,50,50,50,50,50,50,50,50,50,50,50,50,50,50,50,40,37,40,39,41,43,40,40,40,41,39,43,40,43,43,40.0,34.0,30.0,36.0,36.0,37.0,31.0,37.0,29.0,30.0,32.0,33.0,38.0,36.0,39.0
116,50,50,50,50,50,50,50,50,50,50,50,50,50,50,50,40,37,40,39,41,43,40,40,40,41,39,43,40,43,43,40.0,32.0,28.0,36.0,36.0,36.0,31.0,37.0,27.0,30.0,31.0,33.0,36.0,36.0,39.0
117,50,50,50,50,50,50,50,50,50,50,50,50,50,50,50,39,37,40,39,41,43,40,40,40,41,39,43,40,43,43,40.0,32.0,27.0,36.0,35.0,36.0,31.0,37.0,26.0,30.0,31.0,33.0,35.0,36.0,39.0
118,50,50,50,50,50,50,50,50,50,50,50,50,50,50,50,39,37,40,39,40,43,40,40,40,41,39,43,39,43,43,40.0,32.0,26.0,35.0,34.0,36.0,31.0,37.0,26.0,29.0,31.0,33.0,34.0,35.0,38.0
119,50,50,50,50,50,50,50,50,50,50,50,50,50,50,50,39,37,40,39,40,43,40,40,40,41,39,42,39,43,42,40.0,31.0,25.0,35.0,33.0,35.0,30.0,35.0,25.0,29.0,31.0,33.0,33.0,35.0,38.0
120,50,50,50,50,50,50,50,50,50,50,50,50,50,50,50,39,37,40,39,40,43,40,40,39,41,39,42,38,43,42,40.0,31.0,25.0,35.0,33.0,34.0,30.0,35.0,25.0,29.0,31.0,33.0,33.0,33.0,38.0
121,50,50,50,50,50,50,50,50,50,50,50,50,50,50,50,39,37,40,39,40,43,40,40,39,41,39,41,38,43,42,40.0,30.0,25.0,34.0,31.0,34.0,28.0,35.0,25.0,28.0,30.0,33.0,33.0,31.0,37.0
122,50,50,50,50,50,50,50,50,50,50,50,50,50,50,50,39,37,40,39,40,43,39,40,39,41,37,41,38,43,42,40.0,29.0,23.0,34.0,31.0,34.0,26.0,34.0,25.0,28.0,30.0,31.0,33.0,30.0,37.0
123,50,50,50,50,50,50,50,50,50,50,50,50,50,50,50,39,37,40,39,40,43,38,40,39,41,37,41,38,43,42,40.0,28.0,23.0,33.0,31.0,33.0,26.0,34.0,25.0,26.0,28.0,31.0,33.0,30.0,36.0
124,50,50,50,50,50,50,50,50,50,50,50,50,50,50,50,39,37,40,39,39,42,38,40,39,40,36,40,38,43,42,38.0,28.0,21.0,32.0,31.0,31.0,26.0,34.0,24.0,26.0,26.0,31.0,32.0,30.0,36.0
125,50,50,50,50,50,50,50,50,50,50,50,50,50,50,50,39,37,40,39,39,41,38,40,39,40,36,40,38,43,42,38.0,27.0,21.0,31.0,31.0,31.0,24.0,33.0,23.0,26.0,26.0,31.0,31.0,30.0,36.0
126,50,50,50,50,50,50,50,50,50,50,50,50,50,50,50,39,37,40,38,39,41,38,40,39,39,35,40,38,43,42,37.0,26.0,21.0,31.0,31.0,31.0,24.0,33.0,23.0,25.0,26.0,29.0,30.0,30.0,35.0
127,50,50,50,50,50,50,50,50,50,50,50,50,50,50,50,39,37,40,38,38,41,38,39,39,39,35,40,38,43,42,36.0,24.0,21.0,31.0,30.0,31.0,24.0,33.0,23.0,25.0,26.0,28.0,30.0,30.0,35.0
128,50,50,50,50,50,50,50,50,50,50,50,50,50,50,50,39,37,40,38,38,41,38,39,39,39,35,40,38,42,42,36.0,22.0,21.0,31.0,30.0,31.0,24.0,33.0,23.0,24.0,26.0,28.0,30.0,30.0,35.0
129,50,50,50,50,50,50,50,50,50,50,50,50,50,50,50,39,37,39,38,38,41,38,39,39,39,35,40,38,42,40,36.0,22.0,21.0,30.0,30.0,31.0,24.0,33.0,23.0,24.0,26.0,28.0,30.0,30.0,35.0
130,50,50,50,50,50,50,50,50,50,50,50,50,50,50,50,39,37,39,38,38,41,38,39,38,39,35,40,38,42,40,36.0,21.0,20.0,30.0,30.0,30.0,24.0,33.0,23.0,24.0,26.0,28.0,30.0,30.0,35.0
131,50,50,50,50,50,50,50,50,50,50,50,50,50,50,50,39,37,39,38,38,41,38,39,38,39,35,40,38,42,40,36.0,21.0,20.0,29.0,29.0,28.0,24.0,33.0,23.0,23.0,26.0,28.0,30.0,30.0,35.0
132,50,50,50,50,50,50,50,50,50,50,50,50,50,50,50,39,37,38,38,38,41,38,39,38,39,34,40,38,42,40,36.0,21.0,19.0,29.0,29.0,28.0,24.0,33.0,22.0,23.0,25.0,28.0,30.0,30.0,33.0
133,50,50,50,50,50,50,50,50,50,50,50,50,50,50,50,38,37,38,37,38,41,38,39,37,38,34,40,38,42,39,36.0,21.0,18.0,29.0,27.0,27.0,24.0,33.0,22.0,23.0,25.0,28.0,30.0,29.0,33.0
134,50,50,50,50,50,50,50,50,50,50,50,50,50,50,50,38,37,38,37,37,41,38,39,37,38,34,40,38,42,39,35.0,21.0,18.0,29.0,27.0,27.0,23.0,33.0,22.0,23.0,24.0,28.0,30.0,29.0,32.0
135,50,50,50,50,50,50,50,50,50,50,50,50,50,50,50,38,37,38,37,36,41,38,39,36,37,34,40,38,42,39,35.0,21.0,18.0,28.0,26.0,26.0,23.0,33.0,22.0,23.0,24.0,28.0,30.0,28.0,32.0
136,50,50,50,50,50,50,50,50,50,50,50,50,49,50,50,38,36,37,36,36,41,38,38,36,36,34,40,37,42,39,35.0,21.0,17.0,27.0,26.0,26.0,23.0,31.0,22.0,22.0,24.0,28.0,29.0,28.0,32.0
137,50,50,50,50,50,50,50,50,50,50,50,50,49,50,50,38,36,36,36,36,41,37,38,36,36,34,40,37,42,38,34.0,21.0,17.0,26.0,26.0,26.0,22.0,28.0,22.0,22.0,23.0,27.0,29.0,27.0,31.0
138,50,50,49,50,50,50,50,50,49,48,50,50,49,50,50,38,36,36,36,36,40,37,38,36,36,34,39,37,42,38,34.0,21.0,17.0,26.0,25.0,26.0,22.0,28.0,22.0,22.0,22.0,27.0,29.0,26.0,31.0
139,50,50,49,50,50,50,50,49,49,48,50,50,49,50,50,38,35,36,36,36,40,37,38,36,36,34,39,37,42,38,34.0,20.0,17.0,26.0,25.0,25.0,21.0,28.0,21.0,21.0,22.0,27.0,28.0,26.0,30.0
140,50,50,49,50,50,50,50,49,49,48,50,50,49,50,50,38,34,36,36,36,40,37,38,36,36,34,38,36,41,38,34.0,20.0,17.0,25.0,25.0,25.0,20.0,28.0,20.0,21.0,21.0,26.0,27.0,26.0,29.0
141,50,50,48,50,50,50,50,49,49,48,50,50,49,50,50,38,34,36,36,36,40,37,38,36,36,34,38,36,41,38,33.0,18.0,16.0,25.0,24.0,23.0,20.0,28.0,20.0,21.0,21.0,25.0,26.0,25.0,29.0
142,50,49,48,50,50,50,50,49,48,48,50,50,49,50,50,38,34,36,36,35,40,37,38,36,36,34,38,36,40,38,31.0,17.0,16.0,24.0,24.0,23.0,20.0,27.0,20.0,21.0,21.0,25.0,25.0,25.0,28.0
143,50,49,48,50,50,50,49,49,48,48,50,50,49,50,49,38,34,36,36,35,40,37,37,36,36,34,38,36,39,38,29.0,17.0,15.0,24.0,23.0,23.0,20.0,27.0,20.0,21.0,21.0,23.0,25.0,25.0,28.0
144,50,49,47,50,50,49,49,48,48,48,50,50,49,50,49,38,34,36,36,35,39,37,36,36,36,34,37,36,38,38,29.0,17.0,15.0,24.0,23.0,23.0,20.0,27.0,19.0,21.0,21.0,23.0,25.0,25.0,28.0
145,50,49,47,50,50,49,49,48,47,48,49,50,49,50,48,38,34,36,36,35,39,36,35,36,36,34,37,36,38,38,28.0,16.0,15.0,22.0,23.0,23.0,20.0,27.0,18.0,21.0,21.0,22.0,23.0,25.0,28.0
146,50,48,47,50,50,49,49,48,47,48,49,50,49,50,48,38,34,36,36,35,39,36,35,36,36,33,37,36,37,37,28.0,16.0,15.0,21.0,23.0,22.0,20.0,26.0,18.0,21.0,20.0,22.0,23.0,23.0,28.0
147,50,48,46,50,49,49,49,47,47,47,49,50,48,50,48,38,34,36,36,35,39,36,34,36,36,33,37,36,37,37,26.0,15.0,15.0,21.0,23.0,21.0,19.0,26.0,18.0,19.0,20.0,21.0,23.0,22.0,28.0
148,50,47,45,50,49,49,49,47,47,47,49,50,47,50,48,38,34,35,36,35,39,36,34,36,36,33,37,36,37,37,26.0,15.0,15.0,20.0,22.0,20.0,19.0,26.0,18.0,19.0,18.0,21.0,23.0,22.0,28.0
149,50,45,43,50,49,49,48,47,46,47,49,50,47,50,48,38,34,34,36,35,39,36,34,36,36,33,37,35,37,37,25.0,15.0,15.0,19.0,22.0,18.0,19.0,25.0,18.0,19.0,18.0,21.0,23.0,22.0,28.0
150,50,44,41,50,49,49,48,47,46,47,48,49,46,50,48,38,34,34,36,34,39,36,34,36,36,33,37,35,36,37,25.0,15.0,15.0,19.0,22.0,18.0,19.0,25.0,18.0,19.0,17.0,20.0,22.0,21.0,28.0
151,50,44,40,50,49,48,48,47,45,45,46,49,46,50,48,38,34,34,36,34,39,36,34,36,36,33,36,35,36,37,25.0,15.0,15.0,19.0,22.0,18.0,19.0,25.0,18.0,19.0,16.0,20.0,22.0,20.0,27.0
152,50,43,40,50,49,48,45,46,45,45,45,49,46,50,48,38,34,34,36,34,39,36,34,36,35,33,36,34,36,36,24.0,15.0,15.0,19.0,22.0,18.0,19.0,25.0,18.0,19.0,16.0,20.0,21.0,20.0,27.0
153,50,43,39,50,49,48,45,46,44,45,43,49,46,49,48,38,34,34,36,34,39,35,34,36,34,33,36,33,36,35,24.0,15.0,15.0,19.0,22.0,18.0,19.0,25.0,18.0,17.0,16.0,20.0,21.0,20.0,27.0
154,50,43,37,50,49,48,45,45,43,43,41,48,46,49,48,38,34,34,36,34,39,34,34,36,34,33,36,32,36,35,23.0,15.0,15.0,19.0,22.0,18.0,19.0,24.0,17.0,17.0,16.0,20.0,21.0,20.0,27.0
155,50,43,36,49,49,48,45,45,43,43,41,48,46,49,48,38,34,33,36,34,39,33,34,34,34,32,35,32,35,35,22.0,15.0,15.0,19.0,21.0,18.0,18.0,23.0,16.0,16.0,15.0,20.0,21.0,20.0,27.0
156,50,42,35,49,49,47,45,44,41,42,39,47,46,49,48,38,34,33,36,34,39,33,34,34,32,31,35,32,35,35,22.0,15.0,15.0,19.0,21.0,18.0,18.0,23.0,16.0,16.0,15.0,20.0,20.0,19.0,27.0
157,49,40,35,49,49,47,44,44,40,41,38,47,46,48,48,38,33,33,36,34,38,33,34,33,32,31,35,32,35,35,22.0,15.0,15.0,18.0,21.0,18.0,17.0,23.0,15.0,16.0,15.0,20.0,20.0,19.0,27.0
158,49,39,35,49,49,47,44,44,39,40,37,47,46,48,48,37,33,33,36,33,38,33,34,32,32,31,34,32,35,35,22.0,14.0,15.0,18.0,21.0,18.0,17.0,22.0,15.0,16.0,15.0,19.0,19.0,17.0,26.0
159,49,38,34,49,49,47,44,43,39,40,36,45,44,48,48,37,33,33,36,33,38,33,34,32,32,31,34,32,35,35,22.0,14.0,15.0,17.0,21.0,18.0,16.0,22.0,15.0,16.0,14.0,18.0,18.0,17.0,25.0
160,49,37,33,48,48,47,43,42,38,38,36,44,43,47,47,37,33,33,36,33,38,33,34,32,32,31,34,32,33,34,21.0,14.0,14.0,17.0,21.0,18.0,16.0,21.0,15.0,16.0,14.0,18.0,18.0,17.0,25.0
161,49,37,32,47,47,47,42,42,38,38,34,43,43,47,46,37,33,33,36,33,38,33,34,32,32,31,34,32,33,34,21.0,14.0,13.0,16.0,21.0,18.0,16.0,21.0,15.0,16.0,14.0,18.0,18.0,17.0,25.0
162,49,36,31,47,45,47,42,42,38,38,32,43,43,46,46,37,33,33,36,33,38,33,34,32,32,31,34,32,33,33,21.0,14.0,13.0,16.0,21.0,18.0,16.0,21.0,15.0,16.0,14.0,18.0,18.0,17.0,25.0
163,49,36,30,46,44,47,40,42,38,37,31,43,43,45,46,37,33,33,36,33,38,33,34,32,32,31,34,32,33,33,21.0,14.0,12.0,16.0,21.0,18.0,16.0,19.0,15.0,16.0,14.0,17.0,18.0,17.0,25.0
164,49,34,28,45,43,47,38,42,36,35,31,43,43,44,46,37,32,33,36,33,37,33,33,31,32,31,33,32,33,33,21.0,14.0,11.0,16.0,21.0,18.0,16.0,19.0,15.0,16.0,13.0,17.0,18.0,17.0,25.0
165,48,34,26,44,43,47,38,42,36,35,31,43,42,42,44,37,32,33,36,33,36,32,33,30,32,31,32,32,33,33,21.0,13.0,11.0,16.0,20.0,18.0,16.0,19.0,15.0,16.0,12.0,14.0,17.0,17.0,25.0
166,47,34,26,42,43,46,37,40,36,33,29,43,42,42,44,37,32,32,36,33,36,32,33,30,32,30,31,32,33,33,20.0,12.0,11.0,15.0,19.0,18.0,16.0,19.0,14.0,16.0,11.0,14.0,17.0,17.0,25.0
167,46,33,26,41,43,46,37,40,35,32,29,43,42,42,43,37,32,32,36,33,36,32,33,30,32,30,31,32,33,33,19.0,12.0,11.0,15.0,19.0,18.0,16.0,18.0,14.0,16.0,11.0,14.0,16.0,17.0,25.0
168,46,32,25,40,43,45,36,40,35,31,29,43,42,41,43,36,32,32,36,33,35,31,33,30,32,30,31,32,33,33,19.0,11.0,11.0,14.0,19.0,18.0,16.0,17.0,14.0,16.0,10.0,14.0,16.0,17.0,25.0
169,46,32,25,40,43,45,36,39,34,30,29,42,41,41,42,36,32,32,36,33,35,30,33,30,32,30,31,31,33,32,19.0,11.0,11.0,14.0,17.0,18.0,16.0,16.0,14.0,15.0,10.0,14.0,16.0,17.0,25.0
170,46,31,24,40,43,45,35,39,34,30,29,41,41,41,42,36,31,32,34,33,35,30,33,30,32,30,31,31,33,32,19.0,11.0,11.0,14.0,16.0,18.0,16.0,16.0,13.0,14.0,9.0,13.0,15.0,17.0,25.0
171,45,31,24,40,42,44,35,39,33,30,29,40,41,41,41,36,31,32,34,33,35,30,33,30,32,30,31,31,33,32,19.0,11.0,11.0,13.0,15.0,18.0,16.0,16.0,12.0,14.0,9.0,13.0,15.0,17.0,25.0
172,44,31,24,40,41,44,35,38,32,29,29,40,40,41,41,36,31,32,34,33,35,30,33,30,32,30,31,31,33,32,19.0,11.0,11.0,13.0,14.0,17.0,16.0,16.0,12.0,14.0,9.0,13.0,14.0,16.0,25.0
173,44,31,24,39,41,44,35,38,32,28,29,40,38,41,40,35,31,32,34,33,35,30,33,30,32,29,31,31,33,32,19.0,11.0,11.0,12.0,14.0,17.0,16.0,15.0,12.0,14.0,6.0,12.0,14.0,15.0,23.0
174,44,31,24,38,41,43,35,38,31,28,29,40,37,41,40,34,31,31,34,33,35,29,33,30,32,29,31,31,33,32,19.0,11.0,11.0,12.0,14.0,17.0,16.0,15.0,11.0,14.0,4.0,12.0,14.0,15.0,23.0
175,44,31,23,38,40,43,35,38,29,27,28,40,37,41,39,34,31,31,34,33,34,29,32,30,32,29,31,31,33,32,19.0,11.0,11.0,12.0,14.0,16.0,16.0,15.0,11.0,14.0,2.0,12.0,14.0,15.0,23.0
176,44,31,23,35,40,43,34,38,29,27,28,40,37,41,39,33,29,29,34,33,33,29,32,30,31,29,31,30,33,32,19.0,10.0,10.0,12.0,14.0,15.0,16.0,15.0,11.0,14.0,0.0,11.0,14.0,14.0,23.0
177,44,30,23,35,39,41,33,38,29,27,27,40,36,41,39,33,29,29,33,33,33,29,31,30,31,28,31,30,33,32,19.0,10.0,10.0,12.0,14.0,15.0,16.0,14.0,11.0,14.0,,11.0,14.0,14.0,23.0
178,42,30,23,35,37,41,33,37,29,26,27,39,36,40,39,33,29,29,33,33,33,29,31,30,31,28,31,30,33,32,19.0,10.0,9.0,12.0,14.0,14.0,16.0,14.0,11.0,14.0,,10.0,14.0,14.0,23.0
179,41,30,22,34,37,41,33,37,29,26,27,39,36,39,39,33,29,28,33,33,33,29,31,30,31,28,31,30,33,32,18.0,10.0,9.0,12.0,14.0,14.0,16.0,12.0,10.0,14.0,,10.0,14.0,14.0,23.0
180,41,30,22,33,36,41,33,37,29,26,26,39,36,39,39,33,29,27,33,33,33,29,31,30,31,28,31,30,33,32,16.0,10.0,9.0,12.0,14.0,14.0,16.0,12.0,10.0,14.0,,9.0,14.0,14.0,22.0
181,41,29,22,33,35,41,33,37,29,26,26,39,34,39,38,33,29,27,33,33,33,29,31,30,30,28,30,30,33,32,16.0,10.0,8.0,12.0,14.0,12.0,16.0,11.0,10.0,13.0,,9.0,14.0,14.0,22.0
182,41,28,22,33,35,41,32,37,29,26,24,37,32,39,38,33,29,26,33,33,33,28,31,30,30,28,30,30,33,31,15.0,10.0,8.0,12.0,13.0,10.0,15.0,11.0,10.0,13.0,,9.0,14.0,12.0,21.0
183,41,28,22,33,34,41,31,37,29,26,23,37,32,38,37,33,29,26,31,33,33,28,31,30,29,28,29,30,32,31,15.0,10.0,7.0,12.0,13.0,10.0,15.0,11.0,10.0,13.0,,9.0,14.0,12.0,21.0
184,41,28,22,33,33,41,31,37,29,26,21,36,31,37,36,33,29,26,31,33,31,27,31,29,29,28,29,30,32,31,14.0,10.0,7.0,12.0,13.0,10.0,15.0,11.0,10.0,13.0,,8.0,14.0,12.0,21.0
185,40,27,22,33,33,41,30,37,29,25,21,35,30,37,36,33,29,26,31,33,31,27,31,28,29,28,29,30,32,31,14.0,9.0,7.0,12.0,13.0,10.0,15.0,11.0,10.0,13.0,,7.0,13.0,12.0,21.0
186,40,27,22,32,31,41,29,37,27,24,21,35,30,36,35,33,29,26,31,33,31,27,31,28,29,28,29,29,32,31,14.0,8.0,7.0,12.0,13.0,10.0,15.0,11.0,9.0,13.0,,7.0,13.0,12.0,20.0
187,39,26,22,31,31,40,29,37,26,24,21,35,30,35,35,33,28,26,31,33,31,27,31,28,29,28,29,29,31,31,14.0,8.0,7.0,12.0,13.0,10.0,15.0,10.0,9.0,13.0,,7.0,12.0,12.0,20.0
188,39,26,22,31,30,38,29,36,25,24,21,35,29,35,35,33,28,26,31,33,31,27,31,27,29,27,29,29,31,31,14.0,8.0,7.0,12.0,13.0,10.0,15.0,10.0,8.0,13.0,,7.0,12.0,12.0,20.0
189,38,26,22,31,30,38,29,35,24,24,21,35,29,34,35,32,28,26,30,33,31,27,31,27,29,27,29,29,31,30,12.0,8.0,5.0,11.0,13.0,10.0,15.0,10.0,8.0,13.0,,7.0,11.0,12.0,19.0
190,37,26,22,31,28,38,29,35,23,24,21,34,29,34,35,32,28,26,30,32,30,27,31,27,29,27,29,29,30,30,12.0,8.0,5.0,11.0,13.0,10.0,15.0,10.0,8.0,12.0,,6.0,11.0,10.0,19.0
191,37,26,22,30,27,37,29,35,23,24,21,34,29,34,35,32,27,26,30,32,30,27,31,27,29,27,29,29,30,30,12.0,8.0,3.0,9.0,13.0,10.0,15.0,9.0,8.0,12.0,,6.0,11.0,10.0,18.0
192,37,26,22,28,27,36,28,35,23,24,21,34,29,34,34,32,27,26,30,31,30,27,31,27,28,27,29,29,30,30,12.0,8.0,0.0,9.0,13.0,10.0,15.0,8.0,8.0,12.0,,5.0,11.0,10.0,18.0
193,37,26,22,28,27,36,28,35,23,24,21,34,28,34,33,32,27,26,30,30,30,27,31,27,28,27,29,29,30,29,12.0,7.0,,9.0,13.0,10.0,15.0,8.0,8.0,11.0,,5.0,11.0,10.0,18.0
194,37,26,22,28,27,36,28,35,23,23,19,34,28,34,33,32,27,26,30,30,30,27,31,27,28,26,29,29,30,29,12.0,7.0,,9.0,13.0,10.0,15.0,8.0,8.0,11.0,,5.0,11.0,10.0,17.0
195,37,25,22,28,26,36,28,34,23,23,19,34,27,34,33,32,27,26,30,30,30,27,31,27,28,26,29,29,30,29,12.0,7.0,,9.0,13.0,10.0,15.0,8.0,8.0,11.0,,4.0,11.0,9.0,17.0
196,36,25,22,28,25,36,28,34,23,23,19,33,27,34,33,32,27,26,28,30,30,27,31,27,27,26,29,29,30,29,12.0,7.0,,9.0,13.0,10.0,15.0,8.0,7.0,10.0,,1.0,11.0,9.0,17.0
197,35,24,22,28,25,36,28,34,23,22,18,33,27,34,32,32,27,25,26,30,30,27,31,27,27,26,29,29,30,29,12.0,7.0,,9.0,13.0,10.0,15.0,8.0,7.0,10.0,,1.0,11.0,9.0,16.0
198,35,24,22,28,25,35,27,34,22,22,18,33,25,33,32,32,27,25,26,30,30,27,30,27,27,26,29,29,30,28,12.0,7.0,,8.0,13.0,10.0,15.0,8.0,7.0,10.0,,1.0,11.0,9.0,15.0
199,34,24,22,28,25,34,27,34,22,22,18,33,25,32,31,31,27,24,25,30,30,27,30,27,27,26,29,28,29,28,12.0,7.0,,8.0,13.0,10.0,14.0,8.0,7.0,9.0,,0.0,11.0,9.0,15.0
200,33,24,22,27,25,34,26,33,22,21,16,33,25,32,30,31,26,24,25,29,30,27,30,27,27,26,29,28,29,28,11.0,7.0,,8.0,13.0,10.0,14.0,8.0,7.0,9.0,,,11.0,9.0,15.0
201,33,24,22,26,25,34,26,33,21,21,16,32,25,32,30,31,25,24,25,29,29,27,30,27,27,26,29,28,28,26,11.0,7.0,,8.0,13.0,10.0,14.0,7.0,7.0,9.0,,,10.0,9.0,15.0
202,33,23,22,26,24,33,26,33,19,21,16,32,25,31,30,31,23,24,25,28,29,27,30,27,27,26,29,28,27,26,11.0,7.0,,8.0,12.0,10.0,14.0,7.0,7.0,9.0,,,10.0,9.0,15.0
203,32,22,22,26,24,33,26,33,19,21,16,32,25,30,30,31,23,24,25,28,29,27,30,27,25,25,29,28,27,25,11.0,7.0,,8.0,12.0,9.0,14.0,4.0,7.0,8.0,,,10.0,9.0,14.0
204,31,22,22,26,24,33,26,33,19,20,15,32,24,29,30,31,23,23,25,28,29,27,30,27,25,25,29,28,27,25,11.0,7.0,,8.0,12.0,9.0,14.0,0.0,6.0,8.0,,,10.0,7.0,14.0
205,29,22,22,26,24,33,25,33,19,20,15,32,24,29,29,31,23,23,25,28,29,27,30,27,25,25,29,28,27,25,11.0,7.0,,8.0,11.0,7.0,14.0,,6.0,8.0,,,10.0,7.0,14.0
206,27,22,22,25,23,33,25,33,19,20,15,32,23,29,28,30,23,23,25,28,29,27,29,27,25,24,29,28,27,25,11.0,6.0,,8.0,11.0,7.0,14.0,,6.0,8.0,,,9.0,7.0,14.0
207,26,22,22,24,22,33,25,33,19,20,15,31,23,29,27,30,23,22,25,28,29,27,29,27,25,24,29,28,27,25,10.0,6.0,,8.0,11.0,7.0,14.0,,6.0,8.0,,,9.0,7.0,14.0
208,26,21,22,23,22,32,25,32,19,18,15,31,23,29,27,30,23,22,25,28,29,27,29,26,25,24,29,28,27,25,10.0,6.0,,8.0,9.0,7.0,13.0,,6.0,7.0,,,9.0,7.0,14.0
209,26,21,22,23,21,31,25,32,19,18,15,31,23,29,27,30,23,22,25,28,29,27,29,26,25,24,29,27,27,25,9.0,6.0,,8.0,9.0,6.0,13.0,,6.0,7.0,,,9.0,7.0,13.0
210,26,21,22,23,20,31,24,32,19,17,15,30,23,29,26,30,23,22,25,28,29,27,29,26,25,24,29,27,27,24,9.0,6.0,,8.0,8.0,6.0,12.0,,6.0,7.0,,,9.0,7.0,13.0
211,25,21,22,22,20,31,24,31,19,17,15,30,23,29,26,29,23,22,25,28,29,27,29,26,25,24,28,27,27,24,9.0,6.0,,8.0,7.0,6.0,12.0,,5.0,7.0,,,9.0,7.0,13.0
212,24,20,21,21,20,31,23,31,19,17,15,30,22,29,25,29,23,22,25,28,29,27,29,26,25,24,28,26,26,24,8.0,6.0,,8.0,6.0,6.0,12.0,,5.0,7.0,,,9.0,7.0,13.0
213,24,20,21,21,20,31,23,31,19,17,15,30,21,29,25,29,23,22,25,28,29,27,29,25,25,24,28,26,26,24,8.0,6.0,,8.0,6.0,6.0,12.0,,5.0,7.0,,,9.0,5.0,13.0
214,23,20,21,20,20,30,22,31,19,17,15,30,21,29,24,29,23,22,25,28,29,27,29,24,23,24,28,26,25,24,7.0,5.0,,8.0,2.0,6.0,12.0,,5.0,7.0,,,9.0,4.0,13.0
215,23,20,21,19,19,30,22,30,19,16,15,30,21,27,24,29,23,22,25,28,29,27,29,24,23,23,28,26,25,23,7.0,3.0,,8.0,0.0,6.0,12.0,,5.0,7.0,,,9.0,4.0,13.0
216,22,20,21,18,19,30,22,30,19,16,15,30,21,27,24,29,22,22,25,28,29,27,29,24,23,23,28,25,25,23,7.0,1.0,,8.0,,6.0,11.0,,5.0,7.0,,,8.0,2.0,13.0
217,21,19,21,17,19,29,22,30,19,16,15,30,20,26,24,29,22,21,25,28,29,27,29,24,23,23,28,24,25,23,7.0,1.0,,8.0,,6.0,11.0,,2.0,7.0,,,8.0,0.0,12.0
218,21,17,21,17,19,29,21,30,18,16,15,30,20,26,24,29,22,21,25,28,29,27,28,24,23,22,28,24,25,23,7.0,1.0,,7.0,,6.0,11.0,,0.0,7.0,,,8.0,,12.0
219,21,17,21,17,19,29,21,30,18,16,15,30,20,26,23,29,22,21,25,28,29,26,28,24,23,22,28,23,24,23,7.0,0.0,,7.0,,6.0,11.0,,,7.0,,,8.0,,12.0
220,21,17,21,17,19,29,21,30,18,16,15,30,20,26,23,29,22,21,25,28,29,26,28,24,23,22,28,23,24,23,7.0,,,7.0,,6.0,10.0,,,7.0,,,8.0,,12.0
221,21,17,21,17,19,28,21,30,17,16,15,30,19,26,23,28,22,21,25,28,29,26,28,23,23,22,28,23,24,23,7.0,,,7.0,,5.0,10.0,,,7.0,,,8.0,,12.0
222,21,17,21,16,19,27,21,30,17,16,15,30,18,26,23,28,21,21,25,27,29,26,28,23,23,22,28,22,23,23,7.0,,,7.0,,4.0,10.0,,,7.0,,,8.0,,12.0
223,20,17,21,16,19,26,21,29,17,16,15,30,17,25,23,28,21,21,25,27,29,26,28,23,23,22,28,22,23,23,7.0,,,7.0,,3.0,10.0,,,7.0,,,8.0,,12.0
224,19,17,21,16,18,26,21,28,17,16,15,30,16,25,22,28,21,20,25,27,28,26,28,23,23,22,28,22,23,23,6.0,,,7.0,,0.0,8.0,,,7.0,,,8.0,,12.0
225,19,17,21,16,18,25,21,28,17,16,15,30,16,25,21,28,21,19,24,27,27,26,28,22,22,22,27,22,23,23,4.0,,,5.0,,,7.0,,,7.0,,,8.0,,11.0
226,19,17,20,16,18,25,21,28,17,16,15,30,16,25,21,28,21,19,24,27,27,26,28,21,22,22,27,22,23,23,2.0,,,4.0,,,7.0,,,6.0,,,8.0,,11.0
227,19,17,20,16,18,25,21,28,16,16,15,29,16,24,21,28,21,19,24,26,27,25,28,19,22,21,27,22,23,23,0.0,,,2.0,,,7.0,,,5.0,,,7.0,,11.0
228,19,17,20,16,18,25,21,27,16,16,15,28,15,24,21,28,21,19,24,26,27,25,28,19,22,21,27,21,23,23,,,,2.0,,,6.0,,,3.0,,,4.0,,11.0
229,19,16,19,16,17,25,21,27,16,16,15,28,15,24,20,28,21,19,24,26,27,25,28,19,22,21,27,21,23,23,,,,2.0,,,5.0,,,2.0,,,2.0,,11.0
230,19,16,19,16,17,24,21,27,16,16,15,27,15,24,19,28,21,19,24,26,27,25,28,19,22,21,27,21,23,23,,,,2.0,,,1.0,,,0.0,,,1.0,,11.0
231,19,16,19,16,17,23,21,27,16,16,15,27,15,24,19,27,20,19,24,26,26,25,28,19,22,20,27,21,23,23,,,,0.0,,,0.0,,,,,,0.0,,10.0
232,18,15,19,16,17,22,21,27,16,16,15,27,15,24,19,26,19,19,24,26,26,25,28,19,22,20,27,21,23,23,,,,,,,,,,,,,,,10.0
233,18,15,19,15,17,22,20,27,16,16,15,26,15,24,18,26,19,19,24,26,26,25,28,19,22,20,27,21,23,23,,,,,,,,,,,,,,,10.0
234,17,15,19,15,17,22,20,27,16,16,15,26,15,24,18,26,19,19,23,26,26,24,28,19,22,20,27,20,23,23,,,,,,,,,,,,,,,9.0
235,17,15,19,15,17,22,20,27,16,16,15,26,15,24,18,26,19,19,23,26,26,24,28,19,22,20,27,20,23,23,,,,,,,,,,,,,,,9.0
236,16,15,19,15,17,22,20,27,16,16,15,26,15,24,18,26,19,19,23,26,26,24,28,19,22,20,27,20,23,23,,,,,,,,,,,,,,,9.0
237,16,15,19,14,17,22,20,25,16,16,15,26,15,23,17,26,19,19,23,26,26,24,28,19,22,20,27,20,23,23,,,,,,,,,,,,,,,9.0
238,15,15,19,14,17,22,20,25,16,16,15,26,15,23,17,26,19,19,23,26,26,24,28,19,22,20,27,20,22,23,,,,,,,,,,,,,,,9.0
239,15,15,19,14,17,22,20,25,16,16,15,26,15,22,17,26,19,19,23,26,26,23,28,19,22,20,27,20,22,23,,,,,,,,,,,,,,,9.0
240,15,15,19,14,17,22,20,25,16,16,15,26,15,22,17,26,19,19,23,26,26,23,27,19,22,20,27,20,22,23,,,,,,,,,,,,,,,9.0
241,15,15,19,14,17,21,20,25,16,16,15,26,15,22,17,26,19,19,23,25,26,22,27,19,22,20,27,20,21,23,,,,,,,,,,,,,,,9.0
242,15,14,18,14,17,21,20,25,16,16,15,26,15,22,17,26,18,19,22,25,25,22,27,19,22,20,27,20,21,23,,,,,,,,,,,,,,,9.0
243,15,14,18,14,17,21,20,25,16,16,15,26,15,22,17,26,18,19,22,25,25,22,26,19,22,20,27,20,20,23,,,,,,,,,,,,,,,8.0
244,15,14,18,14,17,21,20,25,16,16,15,26,15,22,17,26,18,19,22,25,25,22,26,19,22,20,27,20,20,22,,,,,,,,,,,,,,,8.0
245,15,14,18,14,17,21,19,24,16,15,15,26,15,22,17,26,18,18,22,25,25,22,26,19,22,19,27,20,20,22,,,,,,,,,,,,,,,8.0
246,15,14,18,14,17,21,19,23,16,15,14,26,15,22,17,26,18,18,21,25,25,22,26,19,22,19,27,20,20,22,,,,,,,,,,,,,,,8.0
247,15,13,18,14,17,21,19,23,16,15,14,26,15,22,17,24,18,18,21,25,25,22,26,19,22,19,27,20,20,22,,,,,,,,,,,,,,,8.0
248,15,13,18,14,17,21,19,23,16,15,14,26,15,22,17,24,18,18,20,25,24,22,26,19,22,19,27,20,20,22,,,,,,,,,,,,,,,8.0
249,15,13,18,14,17,21,19,22,16,15,13,25,15,22,17,24,18,18,20,25,24,22,25,19,22,19,27,20,20,22,,,,,,,,,,,,,,,7.0
250,15,13,18,14,17,20,19,20,16,15,13,25,15,22,17,24,18,18,20,25,24,22,25,18,22,19,27,20,20,22,,,,,,,,,,,,,,,7.0
251,15,13,18,13,17,20,19,20,16,15,13,25,15,22,17,24,18,18,19,25,24,22,25,18,22,19,27,20,20,21,,,,,,,,,,,,,,,7.0
252,15,13,18,13,17,20,19,20,16,15,13,25,15,21,17,24,18,17,19,25,24,22,25,18,22,19,27,20,20,21,,,,,,,,,,,,,,,7.0
253,15,13,18,12,17,20,19,20,16,15,13,25,15,20,17,23,17,17,19,25,24,21,25,18,22,18,27,20,20,21,,,,,,,,,,,,,,,5.0
254,15,13,18,12,17,20,19,20,15,15,13,25,15,20,17,23,17,17,18,25,24,21,25,18,22,18,27,20,20,21,,,,,,,,,,,,,,,3.0
255,15,12,18,12,17,20,19,20,15,15,13,25,15,20,17,23,16,17,18,25,24,21,25,18,22,17,27,20,20,21,,,,,,,,,,,,,,,0.0
256,15,12,18,12,17,20,18,20,15,15,13,25,15,20,17,23,16,17,18,25,23,21,25,18,22,17,25,20,20,21,,,,,,,,,,,,,,,
257,15,12,18,12,17,20,18,20,15,15,13,25,15,20,17,23,15,17,18,25,23,21,25,18,21,17,25,20,20,21,,,,,,,,,,,,,,,
258,15,12,18,12,17,20,18,20,15,15,12,25,15,20,17,23,15,17,17,25,23,21,24,18,21,17,25,20,18,21,,,,,,,,,,,,,,,
259,15,12,18,12,17,20,18,20,15,15,12,24,14,20,16,23,15,16,16,25,22,21,24,18,21,17,23,20,18,20,,,,,,,,,,,,,,,
260,15,12,18,12,17,20,18,19,15,15,12,24,13,20,16,23,15,16,16,25,22,21,24,18,21,17,23,20,18,20,,,,,,,,,,,,,,,
261,15,12,17,12,17,20,18,19,15,15,12,24,13,19,16,23,15,16,16,25,22,21,24,18,21,17,22,19,18,20,,,,,,,,,,,,,,,
262,14,12,17,12,16,20,18,19,15,15,12,24,13,19,16,23,15,16,16,25,22,21,24,18,21,17,22,19,18,20,,,,,,,,,,,,,,,
263,13,12,17,12,16,20,18,19,15,15,12,24,13,18,16,23,15,16,16,25,22,20,23,18,21,17,22,19,18,20,,,,,,,,,,,,,,,
264,13,12,17,12,16,20,18,19,15,15,12,23,13,18,16,23,15,16,16,25,22,20,23,18,21,17,22,19,18,19,,,,,,,,,,,,,,,
265,13,12,17,12,16,19,18,19,15,15,12,23,13,16,16,23,15,15,16,25,22,20,23,18,21,16,22,19,18,18,,,,,,,,,,,,,,,
266,13,12,17,12,16,19,18,19,15,15,12,23,13,16,16,23,15,15,16,25,21,19,23,18,21,16,22,19,18,18,,,,,,,,,,,,,,,
267,13,12,17,12,16,19,18,19,15,15,12,23,13,16,16,23,15,15,16,24,21,18,23,18,21,16,22,19,18,18,,,,,,,,,,,,,,,
268,13,12,17,11,16,19,18,19,15,15,12,23,13,16,16,23,15,15,16,24,21,18,23,18,21,16,22,19,18,18,,,,,,,,,,,,,,,
269,13,12,17,11,16,19,18,19,15,15,12,23,12,16,16,22,15,15,16,24,21,18,23,18,20,16,22,19,18,17,,,,,,,,,,,,,,,
270,13,12,17,11,16,18,18,19,14,15,12,23,12,16,16,21,15,15,16,24,21,18,23,18,19,16,22,19,18,17,,,,,,,,,,,,,,,
271,13,12,17,11,16,18,18,18,13,15,12,22,12,16,16,21,15,15,16,23,21,18,23,18,19,16,22,19,18,17,,,,,,,,,,,,,,,
272,13,12,17,11,16,17,18,18,13,15,12,22,12,16,16,21,15,15,16,23,21,18,23,18,19,16,22,19,18,17,,,,,,,,,,,,,,,
273,13,12,17,11,16,17,18,18,13,15,12,22,12,16,16,21,15,15,16,22,21,18,23,17,19,16,22,19,18,17,,,,,,,,,,,,,,,
274,13,12,17,11,16,17,18,18,12,15,12,22,12,16,16,21,15,15,16,22,21,18,23,17,18,16,22,19,18,17,,,,,,,,,,,,,,,
275,13,12,17,11,16,17,18,18,12,15,12,21,12,15,15,21,15,15,16,21,21,18,22,17,18,16,22,19,18,17,,,,,,,,,,,,,,,
276,13,12,17,11,16,17,18,18,12,15,12,21,12,15,15,21,15,15,16,21,21,17,22,17,18,16,22,18,18,17,,,,,,,,,,,,,,,
277,13,12,17,11,16,17,18,17,12,15,12,20,12,15,15,20,15,15,16,21,20,17,22,17,18,16,22,18,18,17,,,,,,,,,,,,,,,
278,13,12,17,11,16,17,18,17,12,15,12,20,12,15,15,20,15,15,16,21,20,17,22,17,17,16,22,18,18,17,,,,,,,,,,,,,,,
279,13,12,17,11,16,17,18,16,12,15,12,18,12,14,15,20,15,15,16,21,20,17,22,17,17,16,22,18,18,17,,,,,,,,,,,,,,,
280,13,12,17,11,16,17,18,16,12,15,12,18,12,14,15,19,15,15,16,19,20,17,22,16,17,16,22,18,18,17,,,,,,,,,,,,,,,
281,13,12,17,11,16,17,18,16,12,15,12,18,12,14,15,19,14,15,16,19,20,17,22,16,17,15,22,18,18,17,,,,,,,,,,,,,,,
282,13,12,17,11,16,16,17,16,12,15,12,18,12,14,15,19,14,15,16,19,20,17,22,16,17,14,22,18,18,16,,,,,,,,,,,,,,,
283,13,12,17,11,16,14,16,16,12,15,12,18,12,14,15,19,14,15,16,19,20,17,22,15,17,14,22,18,18,16,,,,,,,,,,,,,,,
284,13,12,17,11,16,13,16,16,12,15,12,18,12,14,15,19,13,15,16,19,20,17,22,15,17,14,22,18,18,16,,,,,,,,,,,,,,,
285,13,12,17,11,16,13,16,16,12,15,11,18,12,14,15,19,13,15,16,19,20,17,21,15,17,14,22,18,18,16,,,,,,,,,,,,,,,
286,13,12,17,11,16,13,16,16,12,15,11,18,12,14,15,18,13,15,16,19,20,17,21,15,17,14,22,18,18,16,,,,,,,,,,,,,,,
287,13,12,17,11,16,13,16,16,12,15,11,18,12,14,15,18,13,15,16,18,20,17,21,15,17,13,22,18,18,16,,,,,,,,,,,,,,,
288,13,12,17,11,16,13,16,16,12,15,11,18,12,14,15,18,13,15,16,18,20,16,21,15,17,13,22,18,18,16,,,,,,,,,,,,,,,
289,13,12,17,11,16,13,16,16,12,15,11,18,11,14,15,18,13,15,16,18,20,16,21,15,17,13,22,18,18,15,,,,,,,,,,,,,,,
290,13,12,17,11,16,13,16,16,12,15,11,18,11,14,15,18,13,15,16,18,19,16,21,15,17,13,22,18,18,15,,,,,,,,,,,,,,,
291,13,12,17,11,16,13,16,16,12,14,11,18,11,14,15,18,13,15,16,18,19,16,21,15,17,13,22,18,18,15,,,,,,,,,,,,,,,
292,13,12,17,11,16,13,16,16,12,14,11,18,11,14,15,18,13,15,16,18,19,16,21,15,17,13,22,18,18,15,,,,,,,,,,,,,,,
293,13,12,17,11,16,13,16,16,12,14,11,18,11,14,15,18,13,15,16,18,19,16,21,15,17,13,22,18,17,15,,,,,,,,,,,,,,,
294,13,12,17,11,16,13,16,16,12,14,11,18,11,14,15,18,13,15,16,18,19,16,21,15,16,13,22,18,17,15,,,,,,,,,,,,,,,
295,13,12,17,11,16,13,16,16,12,14,11,18,11,14,15,18,13,15,16,18,19,16,21,15,16,13,22,18,16,15,,,,,,,,,,,,,,,
296,12,12,17,11,16,13,16,15,12,14,11,18,11,14,15,18,13,15,16,18,19,15,21,15,16,13,21,18,16,15,,,,,,,,,,,,,,,
297,12,12,17,11,16,13,16,14,12,14,11,18,11,14,15,17,13,15,16,18,19,15,21,15,16,13,21,18,16,15,,,,,,,,,,,,,,,
298,12,12,17,11,16,13,15,14,12,14,11,18,11,14,15,16,13,15,16,18,19,15,21,15,16,13,20,18,16,15,,,,,,,,,,,,,,,
299,12,12,17,11,16,13,15,14,12,14,11,18,11,14,15,16,13,15,16,17,19,15,21,15,16,13,19,18,16,15,,,,,,,,,,,,,,,
300,12,12,17,11,16,13,15,13,12,14,11,18,11,14,14,16,13,15,16,17,19,15,21,15,16,13,19,18,16,15,,,,,,,,,,,,,,,
301,12,12,17,11,16,13,15,13,12,14,11,18,11,14,14,16,13,15,16,17,19,15,21,15,16,13,19,18,16,15,,,,,,,,,,,,,,,
302,12,12,17,11,16,13,15,13,12,14,11,18,11,14,14,16,13,15,16,17,19,15,21,15,16,13,19,18,16,15,,,,,,,,,,,,,,,
303,12,12,17,11,16,13,14,13,12,14,11,18,11,14,14,16,13,15,15,17,19,14,21,15,16,13,19,18,16,15,,,,,,,,,,,,,,,
304,11,12,17,11,16,13,14,13,12,14,11,17,11,14,14,16,13,15,15,17,19,14,21,15,16,13,19,16,16,15,,,,,,,,,,,,,,,
305,11,12,17,11,16,13,14,13,12,14,11,17,11,14,13,16,13,15,15,17,19,14,21,15,15,13,19,16,16,15,,,,,,,,,,,,,,,
306,11,12,17,11,16,13,14,13,12,14,11,17,11,14,13,16,13,15,15,17,19,13,21,15,15,13,19,16,16,15,,,,,,,,,,,,,,,
307,11,12,17,11,16,13,14,13,12,14,11,17,11,14,13,16,13,15,15,16,19,13,20,15,15,13,18,16,16,15,,,,,,,,,,,,,,,
308,11,12,17,11,16,13,14,13,12,14,11,17,11,14,13,16,12,15,15,16,19,12,20,15,15,13,17,16,16,15,,,,,,,,,,,,,,,
309,11,12,16,11,16,13,14,13,12,14,11,17,11,14,13,16,12,15,15,16,19,12,20,15,15,13,16,16,15,15,,,,,,,,,,,,,,,
310,11,12,16,11,15,13,14,13,12,13,11,16,11,14,13,15,12,15,14,16,19,12,20,15,15,13,15,16,15,15,,,,,,,,,,,,,,,
311,11,12,16,11,15,12,14,13,12,13,11,16,11,14,13,15,12,15,14,16,19,12,20,15,15,13,15,16,15,15,,,,,,,,,,,,,,,
312,11,11,16,11,15,12,14,13,12,13,11,15,11,14,13,15,12,15,14,16,19,12,20,15,15,13,15,16,15,15,,,,,,,,,,,,,,,
313,11,11,16,11,15,12,13,13,12,13,11,15,11,14,13,15,12,15,14,16,18,12,19,15,15,13,15,16,15,15,,,,,,,,,,,,,,,
314,11,11,16,11,15,12,13,13,12,13,11,15,11,14,13,15,12,15,14,16,18,12,19,15,15,13,15,16,15,15,,,,,,,,,,,,,,,
315,11,11,16,11,15,11,13,13,12,13,11,15,11,14,13,15,12,15,14,16,18,12,19,15,15,13,15,16,15,15,,,,,,,,,,,,,,,
316,11,11,16,11,15,11,13,12,12,13,11,15,11,14,13,15,12,15,14,16,18,12,19,15,15,13,15,16,15,15,,,,,,,,,,,,,,,
317,11,11,16,11,15,11,13,12,12,13,11,15,11,14,13,15,12,14,14,16,18,12,18,15,15,13,15,16,15,15,,,,,,,,,,,,,,,
318,11,11,16,11,15,11,13,12,12,13,11,15,11,14,13,15,12,14,13,16,18,12,18,15,14,13,15,16,15,15,,,,,,,,,,,,,,,
319,11,11,16,11,15,11,13,12,12,13,11,15,11,14,13,15,12,14,13,16,18,12,18,15,13,13,15,16,15,15,,,,,,,,,,,,,,,
320,11,11,16,11,15,11,13,12,12,13,11,15,11,14,13,15,12,14,13,16,18,12,18,15,13,13,15,16,15,15,,,,,,,,,,,,,,,
321,11,11,16,11,15,11,13,12,12,13,11,15,11,14,13,15,11,14,13,16,18,12,18,15,13,13,15,16,15,14,,,,,,,,,,,,,,,
322,11,11,16,11,15,11,13,12,12,13,11,15,11,14,13,15,11,14,13,16,18,12,18,15,13,13,15,15,15,14,,,,,,,,,,,,,,,
323,11,11,16,11,15,11,13,12,12,13,11,15,11,14,13,15,11,14,12,16,18,12,17,15,13,13,14,15,15,14,,,,,,,,,,,,,,,
324,11,11,16,11,15,11,13,12,12,13,11,13,11,14,13,15,11,14,12,16,18,12,17,14,13,13,14,14,15,14,,,,,,,,,,,,,,,
325,11,11,16,11,15,11,13,12,12,13,11,13,11,13,13,15,11,13,12,16,17,12,17,14,13,13,14,14,15,14,,,,,,,,,,,,,,,
326,11,11,16,11,15,11,13,12,12,12,11,13,11,13,13,15,11,13,12,16,17,12,17,14,13,13,14,14,15,14,,,,,,,,,,,,,,,
327,10,11,16,11,15,11,12,12,12,12,11,13,11,13,13,15,11,13,11,15,17,12,17,14,13,13,14,14,15,14,,,,,,,,,,,,,,,
328,10,11,16,10,15,11,12,12,12,12,11,13,11,13,13,15,11,12,11,15,17,12,17,14,13,13,14,14,15,14,,,,,,,,,,,,,,,
329,10,11,15,10,15,11,12,12,12,12,11,13,11,13,13,15,11,12,10,15,17,11,17,14,13,13,14,14,14,14,,,,,,,,,,,,,,,
330,10,11,15,10,15,11,12,12,12,12,11,13,11,13,13,14,11,12,10,15,16,11,17,14,13,13,14,14,14,14,,,,,,,,,,,,,,,
331,10,11,15,10,15,11,12,12,12,12,11,13,11,13,13,14,11,12,10,15,16,11,17,14,13,13,14,14,13,14,,,,,,,,,,,,,,,
332,10,11,15,10,15,11,12,12,12,12,11,13,11,13,13,14,11,12,8,15,16,11,17,14,13,12,14,14,13,14,,,,,,,,,,,,,,,
333,10,11,15,10,15,11,12,12,12,12,11,13,11,13,13,14,11,12,8,15,16,11,17,14,13,12,14,14,13,14,,,,,,,,,,,,,,,
334,10,11,14,10,15,11,12,12,12,11,11,13,11,13,13,13,11,12,8,15,16,11,17,14,13,12,14,13,13,14,,,,,,,,,,,,,,,
335,10,11,14,10,15,11,12,11,12,11,11,13,11,12,13,12,11,12,8,15,16,11,17,14,13,12,14,13,13,14,,,,,,,,,,,,,,,
336,10,10,14,10,15,11,12,11,12,11,11,13,11,12,13,12,11,12,8,15,16,11,17,14,13,12,13,13,13,14,,,,,,,,,,,,,,,
337,10,10,14,10,15,11,12,11,12,11,11,13,11,12,13,12,11,12,8,15,16,11,16,14,13,12,13,13,13,14,,,,,,,,,,,,,,,
338,10,10,14,10,15,11,12,11,12,11,11,13,11,12,13,12,11,12,8,15,16,11,16,14,13,12,13,13,13,14,,,,,,,,,,,,,,,
339,10,10,14,10,15,11,12,11,12,11,10,13,11,12,13,12,11,11,8,15,16,11,16,14,13,12,13,13,13,14,,,,,,,,,,,,,,,
340,10,10,14,10,15,11,12,11,12,11,10,13,11,12,13,12,11,11,8,15,15,11,16,14,13,11,13,13,13,13,,,,,,,,,,,,,,,
341,10,10,14,10,15,11,12,11,12,11,10,13,11,12,13,12,11,11,8,15,15,11,16,14,13,11,13,13,13,13,,,,,,,,,,,,,,,
342,10,10,14,10,15,11,12,11,12,11,10,13,11,12,12,12,11,11,8,15,15,11,16,14,13,11,13,13,13,13,,,,,,,,,,,,,,,
343,10,10,14,10,15,11,12,11,12,11,10,13,11,12,11,12,11,11,8,15,15,11,15,14,13,11,13,13,13,13,,,,,,,,,,,,,,,
344,10,10,14,10,14,11,12,11,12,11,10,13,11,12,11,12,11,11,8,15,15,11,15,13,13,11,13,13,13,13,,,,,,,,,,,,,,,
345,10,10,14,10,14,11,11,11,12,11,10,13,11,12,11,12,11,11,8,15,15,11,15,13,13,11,13,13,13,13,,,,,,,,,,,,,,,
346,10,10,13,10,14,11,11,11,12,11,10,13,11,12,11,12,11,11,8,14,15,11,15,13,13,11,13,13,13,13,,,,,,,,,,,,,,,
347,10,10,13,10,14,11,11,11,12,11,10,13,11,10,11,11,11,11,8,14,15,11,15,13,13,11,13,13,13,13,,,,,,,,,,,,,,,
348,10,10,13,10,14,11,11,11,12,11,10,13,11,10,11,11,11,11,8,13,15,11,15,13,12,11,13,13,13,13,,,,,,,,,,,,,,,
349,10,10,13,10,14,11,11,11,12,11,10,13,11,10,11,11,11,11,8,13,15,11,15,13,12,11,13,13,13,13,,,,,,,,,,,,,,,
350,10,9,13,10,14,11,11,11,12,11,10,13,11,10,11,11,11,11,8,13,15,11,15,13,12,11,13,13,13,12,,,,,,,,,,,,,,,
351,10,9,13,10,14,11,11,11,12,11,10,13,11,10,11,11,11,11,8,13,15,11,15,13,12,11,13,13,13,12,,,,,,,,,,,,,,,
352,10,9,13,10,14,11,11,11,12,11,10,13,11,10,11,11,11,11,8,13,15,11,15,13,12,11,13,13,13,12,,,,,,,,,,,,,,,
353,10,9,13,10,14,11,11,11,12,10,9,13,11,10,11,11,11,11,8,13,15,10,15,13,12,11,13,13,13,12,,,,,,,,,,,,,,,
354,10,9,13,9,14,11,11,11,12,10,9,13,11,10,11,11,11,11,8,13,15,10,15,13,11,11,13,13,13,12,,,,,,,,,,,,,,,
355,10,9,13,9,14,11,11,11,12,10,9,13,11,10,11,11,11,11,8,13,15,10,15,13,11,11,13,13,13,12,,,,,,,,,,,,,,,
356,10,9,13,9,14,11,11,11,12,10,9,13,11,10,11,11,11,11,8,13,15,10,14,13,11,11,12,13,13,12,,,,,,,,,,,,,,,
357,10,9,13,9,14,11,11,11,12,10,9,13,11,10,11,11,11,11,8,13,15,10,14,13,11,11,11,13,12,12,,,,,,,,,,,,,,,
358,10,9,13,9,14,11,11,11,12,10,9,13,11,10,11,11,11,11,8,12,15,10,14,13,11,11,11,12,12,12,,,,,,,,,,,,,,,
359,10,9,13,9,14,11,11,11,12,10,9,13,11,10,11,10,11,11,8,11,15,10,14,13,11,11,11,12,12,12,,,,,,,,,,,,,,,
360,10,9,13,9,14,11,11,11,12,10,9,13,11,10,11,10,11,11,8,11,15,10,14,13,11,11,11,12,12,12,,,,,,,,,,,,,,,
361,10,9,13,9,14,11,11,11,12,10,9,13,11,10,11,10,11,11,8,11,15,10,14,13,11,11,11,12,12,12,,,,,,,,,,,,,,,
362,10,9,13,9,14,11,11,11,12,10,9,13,11,10,11,10,11,11,7,11,15,10,14,13,11,11,11,12,11,12,,,,,,,,,,,,,,,
363,10,9,13,9,14,11,11,11,12,10,9,13,11,10,11,10,11,11,7,11,15,10,14,12,11,11,11,12,10,12,,,,,,,,,,,,,,,
364,10,9,13,9,14,11,11,11,12,10,9,13,11,10,11,10,11,11,7,11,13,10,13,12,11,10,11,12,10,12,,,,,,,,,,,,,,,
365,10,9,13,9,14,11,11,11,12,10,9,13,11,10,11,10,11,11,7,11,13,10,13,12,11,10,10,12,10,12,,,,,,,,,,,,,,,
366,10,9,13,9,14,11,11,11,12,10,9,13,11,10,11,10,10,11,7,11,13,10,12,12,11,10,10,12,10,12,,,,,,,,,,,,,,,
367,10,9,13,9,14,11,11,11,12,10,9,13,11,10,11,10,10,11,7,11,12,10,11,12,11,10,10,12,10,12,,,,,,,,,,,,,,,
368,10,9,13,8,14,11,11,11,12,10,9,13,11,10,11,10,9,11,6,11,11,10,11,12,11,10,10,12,10,12,,,,,,,,,,,,,,,
369,10,9,13,8,14,11,11,11,12,10,9,13,11,10,11,9,9,11,6,11,11,10,11,12,11,10,10,12,10,12,,,,,,,,,,,,,,,
370,10,9,13,8,14,11,11,11,12,10,9,13,11,10,11,9,9,11,6,11,11,10,10,12,11,9,10,12,10,12,,,,,,,,,,,,,,,
371,10,9,13,8,14,11,11,11,12,10,9,13,11,10,10,9,9,10,6,11,11,10,10,12,11,9,10,12,10,12,,,,,,,,,,,,,,,
372,10,9,13,8,14,11,11,11,12,10,9,13,11,10,10,9,9,10,6,11,10,10,10,12,11,9,10,12,10,12,,,,,,,,,,,,,,,
373,10,9,13,8,14,11,11,11,12,10,9,13,11,10,10,8,9,10,6,11,10,9,10,12,11,9,10,12,10,12,,,,,,,,,,,,,,,
374,10,9,13,8,13,11,11,10,12,10,9,13,11,10,10,8,9,10,6,11,10,9,10,12,11,9,10,12,10,12,,,,,,,,,,,,,,,
375,10,9,13,8,13,11,11,10,12,10,9,12,11,10,10,8,9,10,6,11,10,9,10,12,11,9,9,12,10,12,,,,,,,,,,,,,,,
376,10,9,13,8,13,11,11,10,12,10,9,12,11,10,10,8,9,10,6,11,10,9,10,12,11,9,9,12,10,12,,,,,,,,,,,,,,,
377,10,9,13,8,13,11,11,10,12,10,9,12,11,10,10,8,9,10,6,11,10,9,10,12,11,9,9,12,10,12,,,,,,,,,,,,,,,
378,10,9,13,8,13,11,11,10,12,10,9,12,11,10,10,8,8,10,6,11,10,9,10,12,11,9,9,12,10,12,,,,,,,,,,,,,,,
379,9,9,13,8,13,11,11,10,12,10,9,12,11,10,10,8,8,10,6,11,10,9,10,12,11,9,9,11,10,12,,,,,,,,,,,,,,,
380,9,9,13,8,13,11,11,10,12,10,9,12,11,10,10,8,8,10,6,11,10,9,10,12,11,9,9,10,10,12,,,,,,,,,,,,,,,
381,9,9,13,8,13,11,11,9,12,10,9,12,11,10,10,8,8,10,6,11,10,9,10,12,11,9,9,10,10,12,,,,,,,,,,,,,,,
382,9,9,13,8,13,11,11,9,12,10,9,12,11,10,10,7,8,10,6,11,10,9,10,12,11,9,9,10,10,12,,,,,,,,,,,,,,,
383,9,9,12,8,13,11,11,9,12,10,9,12,11,10,10,7,8,10,6,11,10,8,10,12,11,9,9,10,10,12,,,,,,,,,,,,,,,
384,9,9,12,8,13,11,11,9,12,10,9,12,11,10,10,7,8,10,6,11,10,8,10,12,11,9,9,10,10,12,,,,,,,,,,,,,,,
385,9,9,12,8,12,11,10,9,12,10,9,12,11,10,10,7,8,10,6,11,10,8,10,11,11,9,9,10,10,12,,,,,,,,,,,,,,,
386,8,9,12,8,12,11,10,9,12,10,9,11,11,10,10,7,8,10,6,11,10,8,10,11,11,8,9,10,10,12,,,,,,,,,,,,,,,
387,8,9,12,8,12,11,10,9,12,10,9,11,11,10,10,7,8,10,6,11,10,8,10,11,11,8,9,10,10,12,,,,,,,,,,,,,,,
388,8,9,12,8,12,11,10,9,12,10,9,11,11,10,10,7,8,10,6,11,10,8,10,11,11,8,9,10,10,12,,,,,,,,,,,,,,,
389,8,9,12,8,12,11,10,9,12,10,9,11,11,10,10,7,8,10,6,11,10,8,9,11,11,8,9,10,10,12,,,,,,,,,,,,,,,
390,8,9,12,8,12,11,10,9,12,10,9,11,11,10,10,7,8,10,6,11,10,8,8,11,11,8,9,10,10,12,,,,,,,,,,,,,,,
391,8,9,12,8,12,11,10,9,12,10,9,11,11,10,10,7,8,10,6,11,10,8,8,10,11,8,9,10,10,12,,,,,,,,,,,,,,,
392,8,9,12,8,11,11,10,9,11,10,9,11,10,10,10,7,8,10,6,11,10,8,8,10,11,8,9,10,10,12,,,,,,,,,,,,,,,
393,8,9,12,8,11,11,10,9,11,10,8,11,10,10,10,7,8,10,6,11,10,8,8,10,11,8,9,10,10,12,,,,,,,,,,,,,,,
394,8,9,12,8,11,11,10,9,11,10,8,11,10,10,10,7,8,10,6,11,10,8,8,10,11,8,9,10,10,12,,,,,,,,,,,,,,,
395,8,9,12,8,11,11,10,9,11,10,8,11,10,10,10,7,8,10,6,11,10,8,8,10,11,8,9,10,10,12,,,,,,,,,,,,,,,
396,7,9,12,8,11,11,10,9,11,10,8,11,10,10,10,7,8,10,6,11,10,8,8,10,11,8,9,10,9,12,,,,,,,,,,,,,,,
397,7,9,12,8,11,11,10,9,11,10,8,11,10,10,10,7,8,10,6,11,10,8,8,10,11,8,9,10,9,11,,,,,,,,,,,,,,,
398,7,9,12,8,11,11,10,9,11,10,8,11,10,10,10,7,8,9,6,11,10,8,8,10,11,8,9,10,9,11,,,,,,,,,,,,,,,
399,7,9,12,8,11,11,10,9,11,10,8,11,10,10,10,7,8,9,6,11,10,8,8,10,11,8,9,10,9,11,,,,,,,,,,,,,,,
400,7,9,12,8,11,11,9,9,11,10,8,11,10,10,10,7,8,9,6,11,10,8,8,10,11,8,9,10,9,11,,,,,,,,,,,,,,,
401,7,9,12,8,11,11,9,8,11,10,8,10,10,10,10,7,8,9,6,11,10,8,8,10,11,8,9,10,9,11,,,,,,,,,,,,,,,
402,7,9,12,8,11,11,9,8,11,10,8,10,10,10,9,7,8,9,6,11,10,8,8,10,11,8,8,10,8,11,,,,,,,,,,,,,,,
403,7,9,12,7,11,11,9,8,11,10,8,10,10,10,9,7,8,9,6,11,10,7,7,10,11,8,8,10,8,11,,,,,,,,,,,,,,,
404,7,9,12,7,11,11,9,8,11,10,8,10,10,10,9,7,8,9,6,11,10,7,7,10,11,8,8,10,8,11,,,,,,,,,,,,,,,
405,7,9,12,7,11,11,9,8,11,10,8,10,10,10,9,7,8,9,6,11,10,7,7,10,11,8,8,10,8,11,,,,,,,,,,,,,,,
406,7,9,12,7,11,11,9,8,11,10,8,10,10,10,9,7,8,9,6,11,10,7,7,10,11,8,8,10,8,11,,,,,,,,,,,,,,,
407,7,9,12,7,11,11,8,8,11,10,8,9,10,10,9,7,8,9,6,11,10,7,7,10,11,8,8,10,8,11,,,,,,,,,,,,,,,
408,7,9,11,7,11,11,8,8,11,10,8,9,10,10,9,7,7,9,6,11,10,7,7,10,11,8,8,10,8,11,,,,,,,,,,,,,,,
409,7,9,11,7,11,11,8,8,11,10,8,9,10,10,9,7,7,9,5,11,10,7,7,10,11,8,8,10,8,11,,,,,,,,,,,,,,,
410,7,9,11,6,11,11,8,8,11,10,8,9,10,10,9,7,7,9,5,11,10,7,7,10,11,8,8,10,8,10,,,,,,,,,,,,,,,
411,7,9,11,6,11,11,8,8,11,10,8,9,10,10,9,7,7,9,5,11,10,7,7,10,10,8,8,10,8,10,,,,,,,,,,,,,,,
412,7,9,11,6,11,11,8,8,11,10,8,9,10,10,9,7,7,9,5,11,10,7,7,10,10,8,8,10,8,10,,,,,,,,,,,,,,,
413,7,9,11,6,11,11,8,8,11,10,8,9,10,10,9,7,7,9,5,11,10,7,7,10,10,8,7,10,8,10,,,,,,,,,,,,,,,
414,7,9,11,6,11,11,8,8,11,10,8,9,10,9,8,7,7,9,5,11,10,7,7,10,10,8,7,10,8,10,,,,,,,,,,,,,,,
415,7,9,11,6,11,11,8,8,11,10,8,9,10,9,8,7,7,9,5,10,10,7,7,10,10,8,7,10,8,9,,,,,,,,,,,,,,,
416,7,9,11,6,10,10,8,8,11,10,8,9,10,9,8,7,7,9,5,10,10,7,7,10,10,8,7,10,8,9,,,,,,,,,,,,,,,
417,7,9,11,6,10,9,8,8,11,10,8,9,10,9,8,7,7,9,5,10,10,7,7,10,10,8,7,10,8,9,,,,,,,,,,,,,,,
418,7,9,11,6,10,9,8,8,11,10,8,9,10,9,8,7,7,9,5,10,10,7,7,10,10,8,7,10,8,9,,,,,,,,,,,,,,,
419,7,9,10,6,9,9,8,8,11,10,8,8,10,9,8,7,7,9,5,10,10,7,7,10,10,8,7,10,8,9,,,,,,,,,,,,,,,
420,7,9,10,6,9,9,8,8,11,10,8,8,10,9,8,7,7,9,5,10,10,7,7,10,10,8,6,10,8,9,,,,,,,,,,,,,,,
421,7,9,10,6,9,8,8,8,11,10,8,8,10,9,8,7,7,9,5,10,10,7,7,10,10,8,6,10,8,9,,,,,,,,,,,,,,,
422,7,9,10,6,9,8,7,8,11,10,7,8,10,9,8,7,7,9,5,10,10,7,7,10,10,8,6,10,8,9,,,,,,,,,,,,,,,
423,7,9,10,6,9,8,7,8,11,10,7,8,10,9,8,7,7,9,5,10,10,7,6,10,10,8,6,10,8,8,,,,,,,,,,,,,,,
424,7,9,10,6,9,8,7,8,11,10,7,8,10,9,8,7,7,9,5,10,10,7,6,10,10,8,6,10,8,8,,,,,,,,,,,,,,,
425,7,9,10,6,9,8,7,7,11,10,7,7,10,9,8,7,7,9,5,10,10,7,6,10,10,8,6,9,8,8,,,,,,,,,,,,,,,
426,7,9,10,6,9,8,7,7,11,10,7,7,10,9,8,7,7,9,5,10,10,7,6,10,10,8,6,9,8,8,,,,,,,,,,,,,,,
427,7,9,10,6,9,8,7,7,11,10,7,7,10,9,7,7,7,9,5,9,10,7,6,9,10,8,6,9,8,8,,,,,,,,,,,,,,,
428,7,9,10,6,9,8,7,7,11,10,7,7,10,8,7,7,7,9,5,9,9,7,6,9,10,8,6,9,8,8,,,,,,,,,,,,,,,
429,7,9,10,6,9,8,7,7,11,10,7,7,10,8,7,7,7,8,5,9,9,7,6,9,10,8,6,9,8,8,,,,,,,,,,,,,,,
430,7,9,10,6,9,8,7,7,10,10,7,7,10,8,6,7,7,8,5,9,9,7,6,9,10,8,6,9,8,8,,,,,,,,,,,,,,,
431,7,9,10,6,9,8,7,7,10,10,7,7,10,8,6,7,7,8,5,9,9,7,6,9,10,8,6,9,8,8,,,,,,,,,,,,,,,
432,7,9,10,6,9,8,6,7,10,10,7,7,10,8,6,7,7,8,5,9,9,7,6,8,9,8,6,9,8,8,,,,,,,,,,,,,,,
433,7,9,10,6,9,8,6,7,10,10,7,7,10,8,6,7,7,8,5,9,9,7,6,8,9,8,6,9,8,8,,,,,,,,,,,,,,,
434,7,9,10,6,9,8,6,7,10,10,7,7,9,7,6,7,7,8,5,9,9,7,6,8,9,8,6,9,8,8,,,,,,,,,,,,,,,
435,7,9,10,6,9,8,6,7,10,10,7,7,9,7,6,7,7,8,5,9,9,7,6,8,9,8,6,9,7,8,,,,,,,,,,,,,,,
436,7,9,10,6,9,8,6,7,10,10,7,7,9,6,6,7,7,8,5,9,9,7,6,8,9,8,6,9,7,8,,,,,,,,,,,,,,,
437,7,9,10,6,9,7,6,7,10,10,7,7,9,6,6,7,7,8,5,9,9,7,6,7,9,8,6,9,7,8,,,,,,,,,,,,,,,
438,7,9,10,6,9,7,6,7,10,10,7,7,8,6,6,7,7,8,5,9,9,7,6,7,9,8,6,9,7,8,,,,,,,,,,,,,,,
439,7,9,10,6,9,7,6,7,10,10,7,7,8,6,6,7,7,8,5,9,9,7,6,7,9,8,6,9,7,8,,,,,,,,,,,,,,,
440,7,9,10,6,9,7,6,7,10,10,7,7,8,6,6,7,6,8,5,9,9,7,6,7,9,8,6,9,7,8,,,,,,,,,,,,,,,
441,7,9,10,6,9,7,6,7,10,10,7,7,8,6,6,7,6,8,5,9,9,7,6,7,9,8,6,9,7,7,,,,,,,,,,,,,,,
442,7,9,10,6,9,6,6,7,10,10,7,7,8,6,6,7,6,8,5,9,9,7,6,7,9,8,6,9,7,7,,,,,,,,,,,,,,,
443,7,9,10,6,9,6,6,7,10,10,7,6,8,6,6,7,6,8,5,9,9,7,6,7,9,8,5,9,7,7,,,,,,,,,,,,,,,
444,6,9,10,5,9,6,6,7,10,10,7,6,8,6,6,7,6,8,5,9,9,7,6,7,9,8,5,9,7,7,,,,,,,,,,,,,,,
445,6,9,10,5,9,6,6,7,10,10,7,6,8,6,6,7,6,8,5,9,9,7,6,7,9,8,5,9,7,7,,,,,,,,,,,,,,,
446,6,9,10,5,9,6,6,7,10,10,7,6,8,6,6,7,6,8,5,9,9,7,6,7,9,8,5,9,7,7,,,,,,,,,,,,,,,
447,6,9,10,5,9,6,6,7,10,10,7,6,8,6,6,7,6,8,5,9,9,7,6,7,9,8,5,9,7,7,,,,,,,,,,,,,,,
448,6,9,10,5,9,6,6,7,10,10,7,6,8,6,6,7,6,8,5,9,9,7,6,7,9,8,5,9,7,7,,,,,,,,,,,,,,,
449,6,9,10,5,9,6,6,7,10,10,7,6,8,6,6,7,6,8,5,9,9,7,6,7,9,8,5,9,7,7,,,,,,,,,,,,,,,
450,6,9,10,5,9,6,6,7,10,10,7,6,8,6,6,7,6,8,5,9,9,7,6,7,9,8,5,9,7,7,,,,,,,,,,,,,,,
451,6,9,10,5,9,6,6,7,10,10,7,6,8,6,6,7,6,8,5,9,9,7,6,7,9,8,5,9,7,7,,,,,,,,,,,,,,,
452,6,9,10,5,9,6,6,7,10,10,7,6,8,6,6,7,6,8,5,9,9,7,6,7,9,8,5,9,7,7,,,,,,,,,,,,,,,
453,6,9,10,5,9,6,6,7,10,10,7,6,8,6,6,7,6,8,5,9,9,7,6,7,9,8,5,9,7,7,,,,,,,,,,,,,,,
454,6,9,10,5,9,6,6,7,10,10,7,6,8,6,6,7,6,8,5,9,9,7,6,7,9,8,5,9,7,7,,,,,,,,,,,,,,,
455,6,9,10,5,9,6,6,6,10,10,7,6,8,6,6,7,5,8,5,9,9,7,6,7,9,7,5,9,7,7,,,,,,,,,,,,,,,
456,6,9,10,5,9,6,6,6,10,10,7,6,8,6,6,7,5,8,5,9,9,7,6,7,9,7,5,8,7,7,,,,,,,,,,,,,,,
457,6,9,10,5,9,6,6,6,10,10,7,6,8,5,6,7,5,8,5,9,9,7,6,7,9,7,5,8,7,7,,,,,,,,,,,,,,,
458,6,9,10,5,9,6,6,6,10,10,7,6,8,5,6,7,5,8,5,8,9,7,6,7,9,7,5,7,7,7,,,,,,,,,,,,,,,
459,6,9,10,5,9,6,6,6,10,10,7,6,8,5,6,7,5,8,5,8,9,7,6,7,9,7,5,7,7,7,,,,,,,,,,,,,,,
460,6,9,10,5,9,6,6,6,10,10,7,6,8,5,6,7,5,8,5,8,9,7,6,7,9,7,5,7,7,7,,,,,,,,,,,,,,,
461,6,9,10,5,9,6,6,6,10,10,7,6,8,5,6,7,5,8,5,8,9,7,6,7,9,7,5,7,7,7,,,,,,,,,,,,,,,
462,6,9,10,5,9,6,6,6,10,10,7,6,8,5,6,7,5,8,5,8,9,7,6,7,9,7,5,7,7,7,,,,,,,,,,,,,,,
463,6,9,10,5,9,6,6,6,10,10,7,6,8,5,6,6,5,8,5,8,9,7,6,7,9,7,5,7,7,7,,,,,,,,,,,,,,,
464,6,9,10,5,9,6,6,6,10,10,7,6,8,5,6,6,5,7,5,8,9,7,6,7,9,6,5,7,7,7,,,,,,,,,,,,,,,
465,6,9,9,5,9,6,6,6,10,10,7,6,8,5,6,6,5,7,5,8,9,7,6,7,9,6,5,7,7,7,,,,,,,,,,,,,,,
466,6,9,9,5,9,6,6,6,10,10,7,6,8,5,6,6,5,7,5,8,9,7,6,7,9,6,5,7,7,7,,,,,,,,,,,,,,,
467,6,9,9,5,9,6,6,6,10,10,7,6,8,4,6,6,5,7,5,8,9,7,6,7,9,6,5,7,7,7,,,,,,,,,,,,,,,
468,6,9,9,5,9,6,6,6,10,10,7,6,8,4,6,6,5,7,5,8,9,7,6,7,9,6,5,6,7,7,,,,,,,,,,,,,,,
469,6,9,9,5,8,6,6,6,10,10,7,6,7,4,6,6,5,7,5,8,9,6,6,7,9,6,5,6,7,7,,,,,,,,,,,,,,,
470,6,9,8,5,8,6,5,6,10,10,7,6,7,4,6,6,5,7,5,8,9,6,6,7,9,6,5,6,7,7,,,,,,,,,,,,,,,
471,6,9,8,4,8,6,5,6,10,10,7,6,7,4,6,6,5,7,5,8,9,6,6,7,9,6,5,6,7,7,,,,,,,,,,,,,,,
472,6,9,8,4,8,5,5,6,10,10,7,6,7,4,6,6,5,7,5,8,9,6,6,7,9,6,5,6,7,7,,,,,,,,,,,,,,,
473,6,9,8,4,8,5,5,6,10,10,7,6,7,4,6,6,5,7,5,8,9,6,6,7,9,6,5,6,7,7,,,,,,,,,,,,,,,
474,6,9,8,4,8,5,5,6,10,10,7,6,7,4,6,6,5,7,5,8,9,6,6,7,8,6,5,6,7,7,,,,,,,,,,,,,,,
475,6,9,8,4,8,5,5,6,10,10,7,6,7,4,6,6,5,7,5,8,9,5,6,7,8,6,5,6,7,7,,,,,,,,,,,,,,,
476,6,9,8,4,8,5,5,6,10,10,7,6,7,4,6,6,5,7,5,8,9,5,6,7,8,6,5,6,7,7,,,,,,,,,,,,,,,
477,6,9,8,4,8,5,5,6,10,10,7,6,6,4,6,6,5,7,5,8,9,5,6,7,8,6,5,6,7,7,,,,,,,,,,,,,,,
478,6,9,8,4,8,5,5,6,10,10,7,6,6,4,6,6,5,7,5,8,9,5,6,7,8,6,5,6,7,7,,,,,,,,,,,,,,,
479,6,9,8,4,8,5,5,6,10,10,7,6,6,4,6,6,5,7,5,8,9,5,6,7,8,6,5,6,7,7,,,,,,,,,,,,,,,
480,6,9,8,4,8,5,5,6,10,10,7,5,6,4,6,6,5,7,5,8,9,5,5,7,8,6,5,6,7,7,,,,,,,,,,,,,,,
481,6,9,8,4,8,5,5,6,10,10,7,5,6,4,6,6,5,7,5,8,9,5,5,7,8,6,5,6,7,7,,,,,,,,,,,,,,,
482,6,9,8,4,8,5,5,6,10,10,7,5,6,4,6,6,5,7,5,8,9,5,5,7,8,6,5,6,6,7,,,,,,,,,,,,,,,
483,6,9,8,4,8,5,5,6,10,10,7,5,6,4,6,6,5,7,5,8,9,4,5,7,8,6,5,6,5,7,,,,,,,,,,,,,,,
484,6,9,7,4,8,5,5,6,10,10,7,5,6,4,6,6,5,7,5,8,9,4,5,7,8,5,5,6,5,7,,,,,,,,,,,,,,,
485,6,9,7,4,8,5,5,6,10,10,7,5,6,4,6,6,5,7,5,8,9,4,5,7,8,5,5,6,5,7,,,,,,,,,,,,,,,
486,6,9,7,4,8,5,5,6,10,10,7,5,6,4,6,6,5,7,5,8,9,4,5,7,8,5,5,6,5,7,,,,,,,,,,,,,,,
487,6,9,7,4,8,5,5,6,10,10,7,5,6,4,6,6,5,7,5,8,9,4,5,7,8,5,5,6,5,7,,,,,,,,,,,,,,,
488,6,9,7,4,8,5,5,6,10,10,7,5,6,4,6,6,5,7,5,8,9,4,5,7,8,5,5,6,5,7,,,,,,,,,,,,,,,
489,6,9,7,4,8,5,5,6,10,10,7,5,6,4,6,6,5,7,5,8,9,4,5,7,8,5,5,6,4,7,,,,,,,,,,,,,,,
490,6,9,7,4,8,5,5,6,10,10,7,5,6,4,6,6,5,7,5,8,9,4,5,7,8,5,5,6,4,7,,,,,,,,,,,,,,,
491,6,9,6,4,8,5,5,6,9,10,7,5,6,4,6,6,5,7,5,8,9,4,5,7,8,5,5,6,4,6,,,,,,,,,,,,,,,
492,6,9,6,4,8,5,5,6,9,10,7,5,6,4,6,6,5,7,5,8,9,3,5,7,8,5,5,6,4,6,,,,,,,,,,,,,,,
493,6,9,6,4,8,5,5,6,9,10,7,5,6,4,6,6,5,7,5,7,9,3,5,7,8,5,5,6,4,6,,,,,,,,,,,,,,,
494,6,9,6,4,8,5,5,6,9,10,7,5,6,4,6,6,5,6,5,7,9,3,5,7,8,5,5,6,4,6,,,,,,,,,,,,,,,
495,6,9,6,4,8,5,5,6,9,10,7,5,6,4,6,6,5,6,5,7,9,3,4,7,8,5,5,6,4,6,,,,,,,,,,,,,,,
496,6,9,6,4,8,5,5,6,9,10,7,5,6,4,6,6,5,6,5,7,9,3,4,7,8,5,4,6,4,6,,,,,,,,,,,,,,,
497,6,9,6,4,8,5,5,6,9,10,7,5,6,4,5,6,5,6,5,7,9,3,4,7,8,5,4,6,4,6,,,,,,,,,,,,,,,
498,6,9,6,4,8,5,5,6,9,10,7,5,6,4,5,6,5,6,5,7,9,3,4,7,8,5,4,6,4,6,,,,,,,,,,,,,,,
499,6,9,6,4,8,5,5,6,9,10,7,5,6,4,5,6,5,6,5,7,9,3,4,7,8,5,4,6,4,5,,,,,,,,,,,,,,,
