epoch,LEACH_trial0,LEACH_trial1,LEACH_trial2,LEACH_trial3,LEACH_trial4,LEACH_trial5,LEACH_trial6,LEACH_trial7,LEACH_trial8,LEACH_trial9,LEACH_trial10,LEACH_trial11,LEACH_trial12,LEACH_trial13,LEACH_trial14
0,99.02915002149025,97.66524414692718,101.22114219818842,99.87858523857423,100.2066524087124,100.57824507311065,101.54164344827835,101.2526349312113,99.21692331869076,100.00302879793327,100.61362033548863,101.28290733271575,101.56022860142437,100.62762508348743,101.8645285008091
1,98.31096489598085,96.8814499353013,100.64441917824763,99.0763562300915,99.60610412734464,99.96381702849689,100.9634650138662,100.62070677771243,98.56803486985861,98.99620749071772,99.4854131757418,100.30875015415327,101.01486066391796,99.90943008016404,101.29283489825123
2,97.74235745047767,96.03100602002573,99.7721717202316,98.32413721453352,99.08775876369376,99.33871218717256,99.89779432981511,99.99478977761578,98.04979498002092,98.31538639793422,98.3836717878397,99.37827726532389,100.48582862690311,99.25548715203614,100.71171492268937
3,97.19783307259227,95.3825544744303,98.66515677191805,97.62689511719314,98.42382653274508,98.70371895878307,99.29047510438772,99.40757956488821,97.22804296351346,97.51187965151682,97.70943160182466,98.83762580965724,99.18523281506293,98.68663830211145,100.07815282808534
4,96.42858544772413,94.70853496240954,97.868632077422,96.57259945006881,97.88964022777711,98.09657680132008,98.33350821913434,98.76800188011322,96.49374971007202,96.56366076889346,97.12520350858432,98.2532585986332,98.54446728280202,97.99593073521551,99.39590872661896
5,95.65855737309104,94.00816710075502,97.21621895132964,96.01988747588958,97.35227477444431,96.87141733488795,97.72349258825088,98.21574159150715,95.6772584925964,95.78048189351617,96.50538543022108,97.13873492426305,96.6655920864,97.11925496928099,98.47556012459273
6,95.15949437357615,93.35419077023523,96.443476060372,95.45507558595241,96.56837264565429,96.27651447568122,95.87542877499304,97.53418919859715,94.94970895052228,95.14766355576549,95.66120003235349,96.3687238796343,95.92646502443796,96.39113881687034,97.7359916627354
7,94.53891054225731,92.6291441123962,95.72532266868156,94.6923357726437,95.63282243056258,95.71955023024545,95.13056823876715,96.86946271874716,94.08654930060194,94.47310160268702,95.10378929976545,95.68148191136126,95.31069455796194,95.64923596881908,97.00521349558063
8,93.9895481562772,91.40158483107619,94.98672856998279,94.0568348772928,95.01897688483461,95.18439898844312,94.28748293124814,96.0402410409608,93.40515453519136,93.72102909560589,94.33287488220628,94.9931184697618,94.32340570154493,95.13112706385505,96.27059654332106
9,93.40614303922574,90.74004611076091,94.25370553477796,93.47448082443506,94.42638192699906,94.49564874796076,93.32333355801647,95.14997359052579,92.72145593039221,92.98471047285429,93.43315045764206,94.30056849808165,93.5080296903543,94.38224957066831,95.67467773464327
10,92.851525760067,89.7519727855674,93.62040851718956,92.6567711403017,93.14042675665381,93.83297074956504,92.67794024250131,94.58383682434278,91.96627101620476,91.93666982414966,92.66909802927005,93.61390060012802,92.74397887358401,93.74782945020625,95.11284341274394
11,92.09638309914634,88.46885702622194,92.76061435481695,91.99947985376944,92.57136476294365,93.24167708544073,92.0812834617687,93.95805871109607,90.85499732978806,90.70677517763602,91.81293907613292,92.75299576279805,92.0749817888194,92.58361041553927,94.20621407386314
12,91.31039017332428,87.84807468907222,91.8728332499389,91.4779699317988,91.01582762918171,92.53993017446469,90.80871362568126,93.40185944140056,89.20503139481679,90.06642014065383,91.11544754021999,91.73872041469016,91.52687226513214,91.9731413462426,93.64878463113456
13,90.67902936845572,87.07835320312407,90.95276509742465,90.65179406353793,90.27199191660439,91.28470361583842,90.05852790818324,92.79468910590838,88.18227658451906,89.22358363103082,89.64286795656362,91.10476558278363,90.84804106752131,91.4182797829587,92.67422548937824
14,89.90827749918185,86.42913661262934,90.08235748422851,90.10225048753982,89.02507414268163,90.73442669497949,88.78413227062838,91.19673822251688,87.38936220261525,88.62237673489744,88.9599283502867,90.01585964771148,90.18645327196238,90.56493241194387,92.17796546823077
15,89.2560535111214,85.0698568687593,89.45026104232203,89.38118455550841,87.3402324220388,89.23866637281661,88.21993869178276,89.41160961882959,86.50972828285978,87.89488756689137,87.80828982049476,89.1769046467024,89.40263462998435,89.65792252453133,91.12302655639283
16,88.56643472335647,84.37113571377772,88.54245289691275,88.67413026338602,85.57891756122768,88.59962702287785,87.56169399441464,88.68546687439606,84.91503513086681,87.01166317417851,86.64468806603406,88.57682304334456,88.42161250720551,89.04110144965209,90.4494302246361
17,88.06843803347017,83.67694746615953,87.24738179739784,87.91266644488216,84.79842798815767,87.86138391292486,86.88078483629846,88.07724566469989,84.35818952066418,86.20465352255046,85.8853781037042,88.06207297550537,87.63741901752117,88.16851593835207,89.86831024907423
18,87.24909255884671,82.91311267859952,86.54605696465958,86.90082841651441,83.89455666841238,87.21892609852786,85.81412612575649,86.69636594365325,83.68707911559913,85.33559885024395,84.3525621260117,86.88987143138972,87.1036648801472,87.60523917251159,89.30835800807894
19,86.4399140835662,82.1167348765029,85.72271971241388,86.26120174526415,82.47598504911964,86.5602224821889,84.93466676420904,86.07822565205801,83.11126575496392,84.1434473913392,83.32164053448639,86.22931906653702,86.07011011955531,86.74489281726633,88.40172866919812
20,85.88373326217733,81.53360925579048,85.09363499717284,85.50090735392064,81.83096546348357,86.0512674051545,83.86098663327608,85.03395628521018,82.19641290748118,83.15025236081986,82.55273860513933,85.42343758813304,85.35520001667606,85.83855983190068,87.7620903734665
21,85.21550347718279,80.43535464134435,84.49284511427307,84.95992998866824,81.25285105032386,85.36706534437633,83.22386319325634,84.24309825204264,81.35976921990365,82.36963438312294,81.62125103205338,84.86108870475448,84.78679777081713,85.29933246668382,87.20474947556032
22,84.34347129868551,79.49343042809306,83.40991524326984,83.66207868769783,80.59223688833994,84.40222130533107,82.24249194954454,83.53806622384957,80.68330545857837,81.15329015227461,80.29972416155647,84.23314900565371,84.16533148602423,84.746676430145,86.56262105743643
23,83.68915844823763,78.51419175251986,82.23181697353682,82.3821972408356,80.04396959517902,83.78779326071732,81.55131728445777,82.81304578418923,79.34031665633641,80.503747624772,79.68180089736059,83.25396769854228,83.21248015144431,84.11857917906312,86.06133582797935
24,82.91732666298878,77.8154705975383,81.3996547662499,81.70907894913168,79.28873688172335,83.29333173750632,80.98341486266104,81.9947200341147,78.6035695379327,79.65273073559372,79.08684015632798,82.13944402417208,82.59256886883632,83.39211507060664,84.5329566835628
25,82.1398373182239,77.15279554769033,80.41156265173731,80.87354298424206,78.31247414574747,82.76375848643212,80.33674994868396,81.37335201202849,77.9276760596708,79.06068763350086,78.47135198007352,81.5723761864197,82.01355409602562,82.79177201177409,83.7685892580272
26,81.52638034326323,76.58007905678504,79.79830666592686,80.24392560665403,77.63106464039798,81.90557898959713,79.71615695488309,80.49741228521262,76.63594031147645,78.41997733348909,77.73745702559812,80.53928081800458,81.1578679241776,81.98046434544452,83.21287714642898
27,80.7091590020842,75.86951523697346,79.08515413623738,79.52626655257977,76.806006768675,80.39899319836523,78.9222318023367,79.46423335006695,75.49014646526467,77.87795702425765,77.06604970496657,79.94289090306715,80.4793929027459,81.01352540650296,82.62989684072494
28,79.8898667282922,75.28325891912101,78.09990764092541,78.81443244732499,75.6010024267773,79.85225298750765,78.1032003032258,78.62069454802676,74.35535413701484,77.17417965656423,76.10399591144932,79.1971460720394,79.73365060999218,80.39136094189023,82.01906370312456
29,79.35588603458689,74.64447006930004,77.04638610769975,78.07477194699565,74.74611196749362,79.15428434237275,77.45296640630593,77.69061194179321,73.55103483097858,76.54504373326503,75.52570846664999,78.49899755009086,78.81636553549859,78.85604336259915,81.48829298860271
30,78.84628561390626,73.13217205637619,76.16766004633926,77.29376314121882,74.22239784315391,77.68977907863484,76.18172217813469,76.97225797597525,72.97633960740657,75.87534792850894,74.6761414789918,77.86412119460716,77.83878342655419,78.18928808751807,80.89771874650253
31,78.24891521810673,72.17454415878208,75.44841944486711,76.16789196853813,73.42195344106582,77.17658212142018,75.09760567192083,76.46487596354487,72.25364643726253,74.88293319115826,73.85545346225398,77.01314586312611,77.14054436272153,77.44041059433127,80.16576132033664
32,77.6939147423308,71.39739747162741,74.57521408409377,75.53154629439946,72.75923173470585,74.98170133674984,74.3583764331108,75.85997483620694,71.52283191157468,74.27175767015659,73.13855602710481,76.32590389485314,76.5283701197023,76.83805091380998,79.4522327791871
33,77.13062691152547,70.17431848535624,73.62538776895454,74.8901555216835,71.98027653695293,73.98350461557017,73.71525079803067,74.9701164921568,70.73129406210202,73.10338813570714,71.38699059811121,75.58879259647571,75.98889956124296,76.20283631640456,78.88297674784066
34,76.54805064103373,69.41334971089768,72.765593606582,74.15086702239479,71.39285863604172,72.84581195478019,73.07369089958554,74.31908141424317,69.2467333190349,72.34951721564259,70.73207304066396,74.02031781923318,75.17758134988071,75.27399518952564,77.43043399476916
35,75.84012653734956,68.32488221282782,72.16935521138667,73.31419877764408,70.72937246385122,71.71345401923124,71.88836988760906,73.67383041917269,68.28604105618486,71.35149233800375,70.07715548321669,73.4315008176149,73.79323724284656,74.53954772951325,76.88358446800189
36,74.77394261409086,67.31131373791746,70.54517662661782,72.56581587514795,70.19134602743505,69.83849081518058,71.35685639659349,72.99525225652782,67.50858474979118,69.37617950199092,69.26329014952631,72.68923755524168,73.121861458632,73.81354163872716,76.19154860800607
37,74.18701676308955,65.61244645141296,69.45501542700934,71.72969336059957,69.12664095189709,68.9822395009316,70.55114253205971,72.42865157682168,66.67934279842258,68.61123243685284,68.56211127401497,72.065334292371,72.5107179274207,72.93531259277152,75.15539841759245
38,73.52654225323344,65.0314854449215,68.80678073464776,71.1155658784258,68.11604398086895,68.43033034700777,69.84873774907905,71.55871494370405,65.77148735664181,67.66684117937727,67.71784048423932,70.9204062846479,71.55681303487455,72.364448064188,73.72461127781527
39,72.99910731005018,64.30239921146699,68.13861842607999,70.04836753894868,67.51256259623946,67.7632526041653,69.19516655547869,70.9829870971593,64.62835167684322,66.86754213497466,66.44266364719127,69.94293319978519,70.95141973132876,71.63689028883874,73.14631050347963
40,72.50938787848187,63.204144597020885,67.29507134908866,69.39209347680311,66.78872260059796,67.20868874703125,68.5646749006136,69.95177780852998,63.651162451584426,66.12657763078872,65.23065837748558,69.35657849755535,70.4103121673439,69.95589033022199,72.08793262485185
41,71.89316589166735,62.556071506680055,66.20430598473114,67.9134376561719,66.04142942018362,66.51553631311785,67.91294623759592,69.23324259278336,63.00782413528625,65.41358725283523,64.59668008658032,68.75240250272496,69.69765201070516,69.22975278269378,71.51565529734408
42,71.07382041704386,61.7224201578789,65.49175304065835,67.17256102048428,65.50592542344125,65.96800095413465,67.21443293480523,68.04307217181567,62.12966526062767,64.41152193354118,63.72351883301365,67.92547005155205,69.048869124805,68.59843660218377,70.68858412846275
43,69.98974221948997,61.133857121924855,63.417858206528855,66.5128372074549,64.8666624984358,65.24412603919656,66.1154891588523,66.99899495314807,61.23932824043015,63.766344489401696,62.316974766718964,66.95635721861,68.47367767744846,68.03427178399542,70.07575470816249
44,69.38152164059667,60.27084991453461,62.273015810189214,65.91484202518288,64.01106403280298,64.71705764513231,65.11284389145462,66.48885969059043,60.497552776501436,63.106042772298345,61.472703976943336,66.40890042654011,67.94967643173375,67.39990506128395,68.62320321994301
45,68.81763977677652,58.79411057950035,61.604818260330816,65.30946557627293,63.17340896800791,64.10262960051858,64.52202966653167,65.9429786699664,58.876355469322,61.532247259672,60.52539582741022,65.78037532415452,67.02320065119862,66.67448741755796,68.00703445858127
46,67.64891302375081,57.977825547675764,60.89041031287263,64.37521064720558,62.57126532772794,63.30628859874147,63.739530080505,65.3746003848302,58.29422936496938,60.92733477723248,59.87915354963981,65.09290511392922,65.86387153997924,65.91410371099114,67.25875115977193
47,67.03775885022692,56.52862335176987,60.04341312017078,63.7234688456407,61.98665199472437,62.68257171842249,63.0059207833958,64.50360641310073,57.488363304120234,60.23197443761932,58.35656062015898,64.24847104149893,64.92731073754763,65.23623538735897,66.68896188015782
48,66.48943949630635,55.692617494614325,59.12915652755207,63.110627346044815,61.35745308782367,62.10328617054056,62.49639559507787,63.32331029423309,56.81409781235721,59.084663673055964,57.56485470434343,63.37464403299482,64.27627985342365,64.20111808725618,65.75712633791092
49,65.81877603868134,54.825436384863,58.17511302619329,62.54373333004957,60.64730789461098,61.11345775351463,61.88111227085031,62.60568139034962,56.19249452995836,58.19130072802728,55.90653177658767,62.79262898701575,63.49878610366784,63.6683541670537,65.06238963297612
50,65.1657661917808,53.85055615989337,56.97054729585691,61.80770459544023,59.91530331511203,60.11526103233496,61.34846832573412,61.993333309102695,55.33895923236119,57.41349703921994,54.397714312565974,62.263633861468165,62.832269219277165,62.82824559763279,64.3436869222539
51,64.12058587082042,53.05098525570627,56.40562184387564,61.04137407536488,59.284811467447724,59.565094120155315,60.282749979389955,61.31799553724389,54.647997823585314,56.69723420396861,53.5410211357643,60.72332094190824,62.31424448788957,61.63524845950189,63.876251561214
52,63.51391155995987,52.535392185089094,55.54113646684538,60.235856615867974,58.508590835070464,58.880892059377146,59.02667634125252,59.89613994499577,53.87440067603318,55.23968405562785,52.902952445198935,60.12930311237915,61.636492968102196,60.843215355680904,62.98863128698083
53,62.544501692941516,51.79692195879247,54.84863590554716,59.30685728729377,57.77658625557145,57.65573259294497,58.44333812220552,59.24783296397141,53.15848560980731,54.34414709523976,51.757227218824724,59.14890371058555,60.98513502410119,60.215854107167395,62.410280554763325
54,61.95593989622724,51.13952971494028,54.10997191849089,58.65488859199924,57.23087257000967,57.133164085462035,57.608382912493006,58.54646402401007,52.44896100100512,53.52817951897495,51.15998262656973,58.24204632940081,60.37942678958834,59.466012284338014,61.86435660166864
55,60.81555138473327,50.11573789369202,53.4522754890968,58.089855657680616,56.52847580109731,56.168320046416774,57.012252063357835,57.944224546447785,51.61958468008192,52.92397725011707,50.39886419548324,57.69365983406693,59.035981049205255,58.8953173233474,61.27943838888298
56,60.23264097203789,48.92952487802491,52.73609555462417,57.545446447673136,55.935231738835846,55.34138201480822,56.20789057230145,57.31662822759621,50.861377893154184,52.018148488590306,49.834523336284605,56.650748914414045,58.175600403932854,58.32168280955001,60.722567813549745
57,59.669647630684004,48.23095709177017,51.874779029033526,56.780651920329525,55.3571173256762,54.75181574720676,55.448665728260565,56.488445672922765,50.17309521755603,51.56802299017663,49.13180441015905,55.99767620798764,57.28574758215514,57.60086775042217,60.18466307606983
58,59.05330480310989,47.63970672005807,50.8686562796856,56.20706715375091,54.70051582945294,53.84275747060549,54.602827667610704,55.81703157745768,49.55879840953224,51.069517195987395,48.49100787574164,55.40365837845851,56.58990281876629,57.04910204122046,59.54374668793721
59,58.35143682613821,46.47014510643169,50.24341486989177,55.66393571819898,53.88484902357303,53.29113509972035,53.2313943746581,55.093260323268,48.86897616718318,50.410877734558966,47.90625774690206,54.879808572852475,55.88270786607108,56.44143291453082,59.05708735625277
60,57.494753276599354,45.696128963146684,49.56351659954583,54.91726763397896,53.161199701052304,51.95587208708292,52.12327108594755,53.7018810774436,47.759863233653114,49.92209997690277,47.238141481696104,53.34160710915945,55.157267615298586,55.72061785540295,58.4582931204549
61,56.777018771189745,44.98073106815102,48.69069012160503,54.14658145529114,52.34248938687993,51.44727749125128,51.404232394447874,52.89491827422112,47.09628620545888,49.05835861589153,46.383016310231326,52.65321543107067,54.22593715002441,54.94518289011919,57.6647893871041
62,56.14565796632123,44.444496117208544,47.91563269120135,53.217582126716934,51.72423962396767,50.3458771899157,50.57981000669699,52.24276271573572,45.70625767068726,48.25096829767034,45.729689502288466,51.85882352424494,53.70372623711163,54.153726112434946,56.88765109865976
63,55.57582259997732,43.52226010110858,47.171186714529014,52.20880694557561,51.07521386580414,49.78035810913123,49.964015369521945,51.728049358036,44.88396786475121,47.67269380928537,45.086050941425306,50.729285499113715,53.00701112768014,53.601746213094266,56.29705477008939
64,54.924914014907074,42.804047250455696,46.52479113104148,51.64798052555022,49.97120536328925,49.19618680376757,49.37023923966592,51.146670639073264,44.184137245937634,47.04969852506036,44.23964035052012,50.182002555680725,52.070417445938716,52.12433060474173,55.71182643429961
65,54.436962670701895,42.032570671013936,44.99038047072436,51.10441688446323,49.13484310060623,48.591303020769445,48.6263815905269,49.44576755967692,43.67661268018375,46.2344514738658,43.60369902512593,49.61451388020447,50.99015706733434,51.435000040150385,55.08462762493998
66,53.56104259346794,41.3172206312278,43.74740686303729,50.338086364387834,48.403713325012845,47.537586877841036,48.060083313941064,48.97465607064929,42.75585689102294,45.737929123296816,42.90132242017713,48.962311646965894,50.25163694901678,50.58789880536804,54.37308744626868
67,53.099408988662645,40.72814730692401,42.86175889123275,49.75750429698581,47.84726173848466,46.73589068973171,46.91176163842578,47.995887957669105,41.3188788049283,44.42643734283828,42.06662223819671,48.36167063699612,49.61032560881754,49.99501004661918,53.86315390330525
68,52.45617986193588,40.00716078138121,41.94634427194,48.50127229311073,47.19856536696237,46.0946869909985,46.29612820229994,47.37479568966683,40.64645569198271,43.51217104631121,41.46800193839977,47.22734502530876,48.93707485398109,49.428205543599034,53.16208924382979
69,51.783047190985386,39.32602181290127,41.44082863988878,47.7214071731358,46.406199201247475,45.12642934557056,45.77317020560094,46.67386526833706,40.02690367750246,42.85530616727681,40.59702350288944,46.3190969400349,48.4268938580032,48.75334621642705,52.42822629964287
70,51.200367994574,38.77972576060621,40.715456599519015,46.911463722746525,45.68921024301175,44.444524787259326,45.211458281557015,46.069758949842786,39.56777230639053,42.226570135384975,39.69693922161422,45.52571223500115,47.80695024050216,48.0274793805785,51.75066679215719
71,50.34214625872583,38.17614168429453,39.858952761159046,46.27945433797718,45.03394822032297,43.93490204451692,44.18668679790778,45.55218969925947,38.6827480247483,41.40679497958726,39.128594612965486,44.83742059881697,47.226908284450715,47.03961872647252,51.018242919392556
72,49.81186238728304,37.55815126750285,38.67208059931003,45.67536030322731,44.43924897936239,42.775983079841104,43.273868244573976,44.97808897737773,37.70474239754826,40.05039763172361,38.4970892255255,43.89063819891656,46.584552379726496,46.44361452121297,50.382843614966355
73,49.23297423152608,36.82267941731365,37.61445625318047,44.946875160505314,43.930576200635585,42.35640105736803,42.58206176657886,44.45076031579753,36.863047942759295,39.542601155415355,37.945605711406195,43.19202336982028,45.969401824676495,45.7785486320322,49.81942145803216
74,48.629836514728915,36.17007942314031,36.581763852646645,44.26556095400896,43.37982211957617,41.59154500591945,41.84968970186697,43.73743640612394,36.25141356431459,38.73654717476338,36.66588776672636,41.967391263273825,45.21986161709895,45.22128759703511,48.92383337164164
75,47.98239949166789,35.53775443321793,35.74921995238974,43.519633579145776,42.995764292482335,41.090046714771354,41.31444773451778,42.69821449683101,35.42293381944833,38.34227875184317,35.95856927832328,41.4754828257085,44.60765011029078,44.62721700534561,48.387648158088126
76,47.37113790554981,35.0316183224696,35.15134358955544,42.822576582974946,42.13904297983649,40.50479257146812,40.44107088402482,42.11967764882676,34.79961290532862,37.85771944410407,35.248511540439864,40.82748599538468,43.882751561979624,44.02314868058583,47.5299680144433
77,46.699946401164965,34.53526362606306,34.48054672554848,41.904454792744396,41.52244770890922,39.778396243504,39.88632865795772,41.413002479512485,34.27741346633748,36.76279370797239,34.29686599049083,39.57363152255581,43.276798253900225,43.21536834672716,47.03038763766382
78,46.059562934031014,33.820032380746675,33.79817705663491,41.32118319397495,40.84482922134059,38.74998964686692,39.25424427105182,40.732797905936536,33.72046729236515,36.05218602226135,33.70497007692986,38.73772273184858,42.658453075859136,42.614193837021105,46.439842131073995
79,45.472935739172904,33.279707635565245,33.20972472991537,40.71516894845055,40.19516415865702,38.257985148980374,38.66759083754689,40.24386805366083,32.5441276185967,35.53417400955221,32.96419072724747,37.923046541272555,42.099524010178555,42.09651588105985,45.92345837851661
80,44.91828689608676,32.71637532980232,32.7575631928469,40.00086210348234,39.58578136622328,37.35634946962242,37.871794566500576,39.59239691692206,32.10747616752374,34.8554581560328,32.23476133658208,37.07681228667262,41.44064717041811,41.517505296199815,45.08265823837378
81,43.773674709165704,31.530968193402924,32.14124023320725,39.16499677865232,39.04514260113811,36.544012470120876,37.323729225153194,38.930862696022366,31.61348001719692,33.75639262313423,31.62716114975255,36.35170631417985,40.79637977075351,40.85243940701904,44.637241966465645
82,43.25271340018654,31.079546091122783,31.31515959720121,38.683600227874315,38.265574771184106,35.95833393385177,36.710627579509996,37.78303122656504,31.019040294438998,32.70789629923141,30.969254674408997,35.87742396308174,40.16419876223552,39.972160126852295,43.86424693934747
83,42.64064998870115,30.531702659847706,30.654590767318673,38.05044643144313,37.692206870863316,35.156863874373734,36.14891330676584,37.10045447741637,30.406894515418713,32.23043870842181,30.46602908963922,35.28805276593209,39.33459757527535,39.30219753456571,43.20786038457662
84,42.058582022159165,29.936664993122285,30.103196196234503,37.554434847367595,37.01816733122346,34.59745248973748,35.60506078441707,36.49267096346187,29.78429329279961,31.593340783318975,29.925104954990132,34.103070578695394,38.73801078254838,38.73258451325752,42.70368914082894
85,41.601285276792474,29.605446631884554,29.086794932604217,36.59962902848057,36.45598059952759,34.12313876109048,34.66887490709515,35.953441029880885,29.32352090785572,30.716134907927056,28.856364720415986,33.63786179226795,38.21311573484792,37.9758297363956,42.05993268466562
86,40.51987715410881,28.799040998874496,28.46981340634415,35.93995575130167,35.64784010973656,33.40801004164205,34.09579810551123,35.39823240876221,28.806106826407905,30.180825987287385,28.17363572613063,32.98746873586577,37.59126485203606,37.17149350646095,41.49223761979105
87,39.73155305210315,28.391607617402247,27.646673796306604,35.359442700972046,34.936945501711705,32.55403630710936,33.610328656868965,34.32229720133695,28.156950045730728,29.625813994735882,27.489157116064565,32.58232667618238,36.963414343813675,36.52712077469473,41.072469430202595
88,39.19237623443154,27.783627404953098,26.326583902012672,34.625527854070086,34.28266201368178,31.615432474942807,32.93114352272647,33.8101256686215,27.635393186530553,28.869867780359797,26.927340348888045,32.1364512290574,36.41484547399861,35.72925192799583,40.627851850486294
89,38.54862783995005,27.332019959274124,25.743967767152604,34.186360769904404,33.67964887985188,31.10799202290927,32.27101317351409,33.309815157583806,27.192596129589283,27.99662944700544,26.313300017552095,31.64341075466436,35.521237663826334,34.50660367860823,40.15225346888141
90,37.995586989099145,26.818208251619154,25.180335789317073,33.65798640244107,32.13234491031453,30.634271812799202,31.501831803904278,32.83075834525851,26.259962421005625,27.126426711723827,25.77198182005632,31.18442447193164,34.982553811312776,33.716710833442775,39.61152430401172
91,37.429054629832955,26.33416845999143,24.47743729146097,33.152093127610904,31.24379504056256,30.13107133851384,30.513642490363264,32.255180005172285,25.76680245118792,26.63332383453576,25.297847180991358,30.559410776024166,34.25849358030836,33.21869983913265,38.88878887382643
92,36.959810080171394,25.905935357095206,23.891570695692966,32.53337810704267,30.505612460121167,29.64307964697569,29.41343833922663,31.841400377849194,25.058175643395373,26.157397506924053,24.62263590057277,30.103805775746014,33.600384102250224,32.26337563758406,38.34474000655404
93,36.445467164363706,25.440171583002748,23.105376429949,31.862329719915046,29.88732082154427,29.253458780908854,28.788213323581257,30.948487736647326,24.444807892959155,25.707760229160748,24.07262578318855,29.688695874684043,32.94935227588087,31.724059432875094,37.8007963842276
94,35.91551152343778,24.571626546515432,22.64306189065495,30.947004959448186,29.442543016822224,28.81274691336118,28.05445369897675,30.446429643938323,23.90615928776411,25.23600387071963,23.58142614316521,29.170582821319645,32.33368854227796,30.749013470039504,36.754704778339836
95,35.17202154467396,24.09187405453811,22.09581895787528,29.961848443045792,28.987153098834174,28.219102469377848,27.204849390453447,29.89722386077155,23.4645518895087,24.50701050181362,23.099403276022567,28.223204578248634,31.393480393081994,30.305368997374554,36.29673923413078
96,34.56200118766394,23.68445769354154,21.39967608342988,29.433676986296742,28.316517926843133,27.74802853680043,26.702280703585952,29.39410204027675,22.931144518822133,24.08657730033215,22.591961350456792,27.443143662414546,30.991405837995888,29.90797932698672,35.04088414891095
97,33.96974634095549,23.02399577027945,20.80526700406168,28.491470454037117,27.880195069696693,27.18410053310717,26.18346356340167,28.96240745258129,22.567606939593517,23.653917230068277,22.090105377778407,27.01764305895497,29.81285216971173,29.093674809188457,34.50019689691837
98,33.19460553018629,22.443380232737812,20.135314562330482,28.035305207623345,27.31413182702862,26.668117934261865,25.785987995656875,28.38765736682032,21.577343527626176,23.236318014715966,21.20377530725797,26.220776685576194,28.702576651878942,28.688802188195023,33.98821618637501
99,32.640260795799264,22.011407565114116,19.48471377208266,27.28632290752573,26.614667198223483,26.10132428348593,25.440203281042432,27.81290728105932,21.14557043802619,22.582258860444544,20.836505002802888,25.755207610097216,28.154133783396844,28.192428504262462,33.409076082435696
100,31.860162086846334,21.58670138682779,19.063325339220537,26.772622598092212,25.916125517615484,25.577511961826115,24.48032142589691,27.296498680247087,20.777496380108538,21.680881942946627,19.866002175539546,25.227488731839454,27.68222791845199,27.613706083532108,32.96728227692742
101,31.30826875420828,21.13225727668419,18.51745276555589,26.055921008720073,25.16550161349661,25.17434750754712,24.10003899964469,26.854387047445904,19.98982816996607,21.068023825328247,19.17112955397153,24.785590604723474,27.15091224453441,26.912751046792312,32.556765895212656
102,30.80214197708671,20.460040585976028,18.168037939127647,25.597002994570584,24.74746059340866,24.733107304189584,23.666640291322107,26.45621723652144,19.619185690810294,20.656795888813086,18.678787210765027,24.46416488767504,26.7116394594995,26.464608208651804,32.14013893422367
103,30.36862561705326,20.04961795190837,17.796705083806128,25.089065701916,24.193866262110312,24.364833812156245,23.09554356118894,25.767106674215185,19.12688482422252,20.176753726919774,18.03290814499656,24.010960887103142,26.20656805485318,25.872488592568924,31.559105496462855
104,29.79777818558764,19.63496315894632,17.40234042603132,24.703508731195498,23.772986151924954,23.557836667297227,22.634813618468783,25.253756598904797,18.697217373205508,19.305802766642913,17.47884099838663,23.41046342361609,25.724285995214963,25.497985212839517,31.204847869698522
105,29.291589643576422,19.089390004892152,16.418767377756982,24.280820431084685,23.217287030969775,23.11383332059471,22.16925853312746,24.800809401219542,18.362118478878177,18.982442760054344,16.898576388891346,22.71438686327082,25.091284796010793,24.559385500166293,30.631140435566167
106,28.76525162529454,18.707918648867835,15.932126242676292,23.71140817529322,22.745764499580567,22.649106160797146,21.755870653716855,24.29399065357383,17.79238974226768,18.710737818842777,16.453053550501945,22.23533205130204,24.647403367436404,24.055862570743294,30.26669308917544
107,28.305989168668116,18.175330973761202,15.484984362104642,23.153041043339126,22.34247453352524,22.258339814161538,21.379087930153503,23.675868286063373,17.42639206409037,18.265351919173014,15.965302874606698,21.83205038318662,24.031039243114733,23.509791419924372,29.875357993828395
108,27.658574706520344,17.44897176737664,15.074274000777852,22.766302735531177,21.927408271383033,21.72271831103442,20.678878477673596,23.185375168476444,17.095311924629584,17.87804933504838,15.548827437962371,21.085939016473148,23.369898929766677,22.973121956159712,29.55035437253424
109,27.244367825411487,17.094432480154154,14.684507483579656,22.25266920635063,21.275196074893113,21.267818055423373,20.110268475378064,22.737927916094947,16.742132091132447,17.601088224073592,15.06402236159409,20.7348439434761,22.765316054924554,22.625360985006093,29.125808897437597
110,26.677957677525377,16.543500873277456,14.290229386259815,21.79869601118037,20.492872382023723,20.621138869534473,19.698636365953725,22.323844693121437,16.30683214548723,17.30871956891151,14.526840222954307,19.99860645933742,22.380294971392804,22.22410853691469,28.635049837715606
111,25.705975832577796,16.219402068977598,13.896348441324944,21.336931480432245,20.047989393611093,20.244056636586375,19.008091861884495,21.890338508594834,15.946240959365857,16.98678700632626,14.149419637766696,19.62548387255769,22.006122975631452,21.778050893506247,27.97748151739952
112,25.27709649888855,15.561965952401952,13.51436733430769,20.948896766555702,19.384493221391892,19.795316058944803,18.296296877369407,21.512739465381163,15.607026216418316,16.647866513524434,13.719467578590018,19.286694512703278,21.49121380907421,21.392787315232777,27.615873226344693
113,24.673452704364504,15.17895378448741,13.076304961917643,20.46107181866453,18.98808623208294,19.310785164948513,17.47419552739223,21.077345529014103,15.038923169559396,16.347174045388556,13.206027287834841,18.870798955189017,21.04964641185947,20.984866546524714,27.02021498572662
114,24.258739355899653,14.707381624962816,12.284165939042497,20.085448822664414,18.245398569428723,18.97228975552268,17.146417472962085,20.712539432425,14.724174427530935,15.996129211052905,12.841014046291162,18.575342707495302,20.616744728542976,20.586603836085004,26.65700286880693
115,23.754254373959032,14.181099829213371,11.67178600537353,19.69508824260055,17.680575128994427,18.18558074809535,16.85970979584844,20.272281694307548,14.407770385584355,15.440355777576356,12.557636467512836,18.190238572897808,20.199157304477566,19.95790629826836,26.300064243611427
116,23.348295592122064,13.71962244984756,11.240404973579201,19.274522103321605,17.315318386967697,17.62797528730559,16.409582217481987,19.72310905329104,14.025465788915685,15.131445538972937,12.186390906580431,17.838238590365204,19.629423363221537,19.39401174118231,25.831849644442126
117,22.78419764782695,13.258096758096979,10.97618049447179,18.827877226618874,17.01833362489576,17.282246682960604,16.14810644335989,19.392632083555267,13.587984891015816,14.85523510587759,11.713616698486042,17.24244331572102,19.325957514842507,18.693345497192897,25.313569644191542
118,22.259818573610886,12.82555572231856,10.579901284877705,18.35277766855023,16.557470489792998,16.799783036025264,15.877265602966538,18.93419330323005,13.100234382481707,14.527592547914955,11.247148888787434,16.585391613156123,18.7671520422496,18.219781803918668,24.89977484223188
119,21.60521721275067,12.315834423600636,10.2169660054421,18.02719357245144,16.30498701124087,16.49311596548875,15.44456313990494,18.58398642119036,12.672652067116358,14.25657608816251,10.894922474547657,16.17445855121164,18.40593004556217,17.85164522855294,24.3933945506155
120,21.153087965548316,11.863926306320828,9.949475773703803,17.714116786123665,15.970042646305867,16.179953351806184,15.129019431798135,18.02499875492979,12.337755825773664,13.882938134777746,10.498344885260265,15.655070010104925,18.00580064151775,17.124375640283848,23.984102806025273
121,20.76965357162209,11.537467191563785,9.43562748108732,17.251630324410634,15.523932899581858,15.820963016289081,14.626037114123147,17.642406443772497,11.96946097278823,13.554878602126626,10.120724378329927,15.326678412434541,17.30503685352652,16.848554554370086,23.599108341132332
122,20.439570047539284,11.263867953673854,9.083830830670834,16.823840563666682,15.250945683154201,15.507531165982064,14.28095906743295,17.272758512559626,11.749935208303777,13.147230202871896,9.77335380664946,14.768129020338364,16.97054473691031,16.530478615601965,23.27012921395173
123,20.062056711158547,10.847925622581124,8.85641652288919,16.435091624405125,14.669103466652706,15.204105668977475,14.065340025061841,16.933704511429944,11.518804551019961,12.631175195367423,9.436200589890442,14.285585986556919,16.66124815164,16.20892227406831,22.891507627863486
124,19.537396103687534,10.584706646910284,8.61441057412044,15.603289686471244,14.302460480311721,14.867039895167268,13.776855138701709,16.4293778340015,11.287711201625175,12.433561102073009,9.277855735156841,13.954019089020607,16.362235681722836,15.77071559960456,22.34803638680385
125,19.148390236378564,9.997733494823688,8.410243998632279,15.186500520174873,13.90257567930985,14.57422985922543,13.542247960989066,15.937548965038923,11.034086229283382,12.198985803136084,9.021569113354177,13.614523314472384,16.014659785799413,15.471255807008204,21.97173795326687
126,18.521828365882243,9.646572145537233,8.212227282904758,14.823595825053362,13.53385021939154,14.286653286410687,13.35262653812717,15.661781803614893,10.75468207604724,12.023828613950297,8.779687733684854,13.00278879014793,15.461865272671355,15.204154188845015,21.578799314813995
127,18.07258900525772,9.418938652275978,7.9779786289347046,14.480215786707639,13.196379609972977,14.006969308640214,13.088125572596722,15.29876570820643,10.485177033658875,11.649009334539876,8.360637868057703,12.426155183528222,15.125007996268781,14.862997196584676,21.248560148927677
128,17.643664801098726,9.207249262606762,7.79133991748799,14.018364801964712,12.834631334343419,13.553918534373294,12.864485509722677,14.98948653354979,10.282930821325717,11.239622933704151,8.130922189943128,12.036128368041782,14.848744528812873,14.596191598653304,20.94120931129896
129,17.246007002550396,8.89556220678122,7.570214095689849,13.615856966758784,12.551465354454683,13.28562309575967,12.697990001910537,14.603472330866847,10.078148098371193,10.87349371895028,7.830103859935311,11.796239861473614,14.473919641295263,14.277223778878769,20.63342475192294
130,16.93633013112762,8.657755579600169,7.315341943335476,13.290890301891851,12.250740560007296,12.62621618815536,12.48235223116923,14.210707150300431,9.661345472018255,10.628549327515508,7.57320656339394,11.524213107869066,14.041883453642637,14.018417021848455,20.314420860298572
131,16.13546904790202,8.47248894948447,7.065205983834652,12.754196175332387,11.96962408452465,11.99588150674002,12.25234852877781,13.871174534265938,9.364875186285769,10.424835106908487,7.300814942024077,11.13748121145373,13.70258192764033,13.515607978676469,19.960732903254904
132,15.777842136004448,8.229224170056007,6.885962370093583,12.288391986188033,11.637663694855338,11.56409357753899,12.043326314465407,13.601471834607185,9.075422159141901,10.224603135246593,7.092780809343992,10.888608160345367,13.393102506884327,13.197011297862046,19.43971880143202
133,15.467495340948746,7.892385823603371,6.719980604750986,11.99161632042067,11.275629629538354,11.247653503455165,11.840665953950799,13.298911618041345,8.899282855374269,9.87275313206984,6.8111412607732245,10.654337262963713,12.993365988430194,12.73432860212445,19.142128641601865
134,15.016242318235948,7.623963131797941,6.230115817574097,11.685090266908508,11.065128060485376,10.976784014957412,11.59751879594655,12.807675439083463,8.665332183093033,9.491387687100026,6.524879062009316,10.243885095501089,12.754340884766451,12.47341441341803,18.780441780000544
135,14.665482909178394,7.367933940372474,6.029446244445917,11.377568407634019,10.816967850200378,10.548485957371133,11.363934365520967,12.176405947184708,8.374598826857811,9.309835015809618,6.2434521508232494,9.948011753379381,12.457960687226532,12.105904496686605,18.39719109354515
136,14.046946791608923,7.192402539178516,5.770260728970281,11.026224483434484,10.581242221507985,10.30151235935521,11.175399458710283,11.710716252452476,8.107755802336193,9.08348853928478,5.977252723299846,9.567726084801976,12.19653377993529,11.731129668286286,18.036165017443995
137,13.670165969514924,7.016767827917296,5.6137131366649236,10.57452670569133,10.30016552631936,10.054163493886023,10.88885439525873,11.445279224403121,7.912335224525943,8.907986174109723,5.720437753890242,9.203815789138714,11.940655921214557,11.451430564536492,17.49683540832597
138,13.183722744628861,6.715739717661801,5.473533086740098,10.347821929964352,10.036785679640243,9.823249807973417,10.716514770218428,11.11283833396003,7.711716903848114,8.719510791748508,5.521687669424241,8.918969001812167,11.677172819353078,11.002981580671657,17.214944817027714
139,12.828161623713344,6.532505098198759,5.3073354129199,10.067188075858116,9.658096772370909,9.544650428274487,10.476534819840944,10.921237127422845,7.522340094539674,8.52634586558132,5.295508597858938,8.67505855354605,11.320635271514691,10.795135667107328,16.82910947299935
140,12.551634379571285,6.369151988391304,5.149011682284065,9.802266916256146,9.39676868648009,9.242564051187468,10.306546988793647,10.637105516437598,7.300090413632651,8.353613638594487,5.019403784772717,8.300149805466267,11.063879529314322,10.585701668914314,16.571982003312865
141,12.282952687027752,6.165632805850046,5.014112001029752,9.54275498273496,9.063387082927965,8.824894904575947,10.110281061125637,10.168883325297065,7.024266903271814,8.183561815930153,4.789645572670332,8.01192728908593,10.853062833247474,10.202129178064695,16.313730628679007
142,11.839704291945742,6.016553747803026,4.8509316053102305,9.269612847421506,8.742658203144659,8.638585982217208,9.930939558651591,9.98543891419055,6.861278710843808,8.011656492318123,4.603851135670785,7.6766764285896265,10.55833788139021,9.948100859691522,16.12629898370759
143,11.550996657470796,5.886906333155775,4.711288417082902,8.99246994595545,8.555257841788768,8.459140267295773,9.781168623842357,9.746715607503898,6.701499581943156,7.858183413746133,4.4087838675154645,7.485488814477631,10.303661456188511,9.68741915530778,15.663410239213812
144,11.315236559563884,5.698687638173824,4.596987917759054,8.767546432417298,8.357795916237752,8.283731476864803,9.57883139909616,9.508673690682272,6.482312689464944,7.650935076257644,4.2055537753314765,7.22763044517028,10.113254845987324,9.472066798188788,15.329550546713875
145,10.873968687152068,5.5548932398477255,4.454957196942607,8.655234136814418,8.167568500684057,8.071523262085927,9.41383684853056,9.120564383077092,6.256869090010768,7.473864264549636,3.8012056097931257,7.0460821884605185,9.881138194532719,9.203388461809567,15.05454708694452
146,10.64691164265118,5.358215353727779,4.267527263234532,8.413412644141204,7.967892283524238,7.745114350584139,9.25738302896078,8.798408721466032,6.123685400672401,7.309017132607518,3.61847771995383,6.88115611061771,9.676811660480999,8.807980840343253,14.54360265413351
147,10.191071936520819,5.197606921532388,4.137429029639438,8.23786057314337,7.777664867970544,7.518267629740361,9.136954595509648,8.52880457288428,5.894655892635954,7.158252455604638,3.4527339175154976,6.559820949885112,9.40876387135012,8.628396168676101,14.289423702427987
148,9.966309771873494,5.08102837666349,4.023870045015653,8.023099208511457,7.560932292546037,7.348793860166583,8.945773719087246,8.262873578507653,5.747892099636378,6.9105905187941925,3.302558936870876,6.247732383310638,9.22451516761195,8.214900364558526,14.001817651968592
149,9.701726145640071,4.965931863963139,3.8787022939803837,7.806798537908295,7.415741067665783,7.198317264020607,8.72350804260538,7.9983754570506225,5.564602440375369,6.731079486027196,3.102183449207313,5.987279069025806,8.922335102006565,8.048012502385012,13.614479530276839
150,9.454455213371123,4.8538024964586715,3.74925273353164,7.614621820562186,7.227686757679247,7.011628152349343,8.565423836027005,7.698607845842867,5.426214652883117,6.531169257374502,2.9272834500684852,5.720468051709474,8.733531569526757,7.776624495015048,13.351694984530004
151,9.183433510306436,4.728843906161045,3.5614520905334084,7.401370420991335,7.050315219310365,6.892847205691775,8.393432365089426,7.475280949858163,5.293030963544751,6.3857145838659175,2.7360389298902144,5.55991140485869,8.457715509404478,7.5207127041940005,13.023662590947733
152,8.890400742953052,4.585117993746869,3.4471515912095607,7.150175193060994,6.742989927738361,6.665996360235467,8.245727749948216,7.154156482871466,5.157001946273274,6.248225695785623,2.4275925426507134,5.359461783868601,8.22307296680336,7.308187064028635,12.811674627832446
153,8.684637026685612,4.468539448877972,3.2870616385708855,6.99568331165589,6.545487535703878,6.509573501023757,8.101172050853275,6.863371796145982,4.980029963788458,6.003495735053824,2.257414461806175,5.148307225813501,8.029452483489477,7.091326854093793,12.58983873362446
154,8.417402941807186,4.343580858580346,3.1569634049757904,6.8017288758419605,6.358744879930139,6.34567043843395,7.898747251594366,6.506953479019318,4.843851903061686,5.8488255459970855,2.0790309651860808,4.954934879392988,7.744134546134474,6.742999342747166,12.377319411160698
155,8.137318613982243,4.228484345879995,2.9305830041237138,6.632339529959206,6.092570379932913,6.152009934691526,7.714000551465931,6.273125204665087,4.624581687846772,5.682530641603716,1.8589650963820277,4.711218276003765,7.544344305738673,6.6074395724265615,12.099745562753599
156,7.950359294808557,4.068274462852169,2.8170240194999288,6.443317694660503,5.923643933602741,6.033228988033958,7.522591786417544,6.057703384053255,4.504553634463665,5.461739780877178,1.7455770581271746,4.477116752089397,7.202533880682984,6.42517565536123,11.870132993388609
157,7.785347060315308,3.856072298575752,2.6855580770806053,6.204916429667256,5.748298352879799,5.837483861682346,7.376678405987139,5.82274234918438,4.3502806186673295,5.345344715730615,1.6167703204951365,4.258747663894786,7.031874830610812,6.214439928462593,11.62678292225382
158,7.614951962754595,3.748630285890946,2.51240951122347,6.010226950647471,5.587424224442528,5.61163512534729,7.267199521831053,5.631866422991549,4.1671883463536465,5.209741361658057,1.4777009887245702,4.117312770982253,6.6330873011537586,5.950640441379837,11.3874745135697
159,7.153481888596237,3.641619447502119,2.366495705881273,5.871522742634278,5.436307259082499,5.4756928008617525,7.144368905441039,5.419239769139089,4.009816798468253,5.098398537473621,1.3523401208017178,3.9227374530208983,6.425166329646251,5.82106279190622,11.157431311070418
160,6.970267508594101,3.5278091814765635,2.1833701930732823,5.7273754680917355,5.281768399156233,5.356911854204185,7.041778777089768,5.196022647117377,3.8951362573128376,4.982003472327059,1.237256072727793,3.7661744846774536,6.249118504441533,5.661066446938203,10.954261001238754
161,6.81576169014594,3.4206570337544973,2.0672209215804043,5.582427981195258,5.07167127645981,5.215908546751362,6.9184821444493,4.968491417725084,3.7901711146814243,4.8464001182545005,1.0830167787628062,3.4777558124188124,6.102564752131823,5.542484428047362,10.75642523246513
162,6.607730329954841,3.312806244179943,1.9734323099019224,5.373262834162787,4.901019632733794,5.0893531261733145,6.805095485460029,4.79241994395994,3.6860282555890547,4.7350572940700655,0.9953756893631525,3.3355149315880714,5.943578376884246,5.410837054030185,10.53841709815486
163,6.44699693785579,3.165891283525036,1.8837436402887615,5.148140225745643,4.552801045776614,4.916810961979313,6.663564317592114,4.587872346519874,3.5414249112672374,4.546747907999698,0.8956466207334611,3.1610660328198685,5.588532091201262,5.230431073515598,10.359667780614533
164,6.247587186985106,3.058880445136208,1.7989885699495556,4.981614571176991,4.361983978620372,4.713317521033617,6.555726504853266,4.401108983586597,3.348573210664137,4.436097418314292,0.7682914075920974,3.0273377290507857,5.463284762868741,5.010940105283334,10.11265542174368
165,6.089203104713307,2.957379714752207,1.7145580875381492,4.756065092797014,4.196482606134749,4.48646667557731,6.372311931553434,4.2325091802066215,3.2415655866869137,4.2867626538749,0.6345929373351932,2.812020926103748,5.276425876083483,4.813341047031643,9.923942955975285
166,5.809437427020963,2.8605369926674027,1.6385324851266951,4.598317586603897,4.050475939887438,4.363094266907017,6.236415379631975,4.042799318414551,2.999954624304418,4.175586132978588,0.5368307236825107,2.6543894582084118,5.058692353590485,4.644989213310758,9.729231392530949
167,5.634829713454193,2.750312120177594,1.5639636821001284,4.488339240289813,3.901063897326821,4.22715194242148,6.075565683874619,3.6984309670107796,2.8406115293653675,4.069705089811507,0.46635935332621353,2.52666886416995,4.92957605591082,4.503960509340032,9.478761537493387
168,5.501093961869486,2.6231950612898025,1.478059143432476,4.350703871568786,3.7069793710830896,4.040462830750216,5.9623822243215425,3.454044904605236,2.7478561760543427,3.921182886711062,0.37613500888795875,2.359485397994079,4.805795634216421,4.385378490449189,9.259880573124777
169,5.366134207070252,2.543968908783625,1.393628661021069,4.188567420841872,3.532669453580195,3.899459523297393,5.834082931762167,3.2964007747620623,2.642747454942792,3.8077712544291313,0.31361619196319246,2.2275950468788057,4.692141488780231,4.215011413978123,9.051972284503906
170,5.19763836014855,2.457715051044325,1.2976721243602767,4.069543102646363,3.414002331496142,3.7760871146271016,5.720696272772898,3.157369608616878,2.4996000121672646,3.660209812919728,0.23158983098465635,2.125648648061783,4.562129470357888,4.083364039960948,8.853234611031539
171,4.990223425539668,2.3833539826583903,1.1713686493850348,3.97243293206805,3.2933889868249713,3.619664255415391,5.595399670899856,2.964829213237793,2.419877753376498,3.540850884312057,0.17481447570048309,1.9528402939289635,4.427673074713104,3.784985008325989,8.561788978398958
172,4.7316864452647645,2.246151964029963,1.0967998463584674,3.8654242243838333,3.2051156772438505,3.421171160032664,5.490258086401901,2.7873477637313604,2.293287995799417,3.449518902623825,0.11853479897907918,1.8289068207421155,4.318294595333085,3.630651284913177,8.284600467772846
173,4.588081434549313,2.16918598075701,1.0035804430919795,3.757667829018771,3.1060221078697516,3.311145262585086,5.383092479140659,2.619364848029358,2.130107886860299,3.328781820777852,0.06408742013591402,1.7161653197230364,4.1922439479669755,3.5183217715208226,8.081263574449538
174,4.370113212716513,2.0946593539456684,0.927554840680526,3.651969526843658,3.025554606980547,3.172457770847471,5.269909019587581,2.4907386653972283,2.056624648082688,3.235190507527149,0.02102370708914912,1.6049751417405174,4.034853999414898,3.3756039023868225,7.909242127082863
175,4.175866772549585,2.0154332014394907,0.8416503020128734,3.5725194760369163,2.937407847871323,3.051800773059028,5.146612386947111,2.366425610938393,1.9775140067259067,3.1475767321002355,0.005183136981694024,1.5168156303307023,3.894812161963963,3.272170970752178,7.731813436149185
176,4.046934077101722,1.8763909998454822,0.7342860571181267,3.4581488932768494,2.8389513769768326,2.927166925448921,5.007618923039329,2.22462601724466,1.9096126982066244,3.0532330805393753,0.0,1.4284503136890445,3.7790856336064933,3.144828263034606,7.543746458338381
177,3.82855889291327,1.814113934000693,0.6575321747954975,3.3664048211703226,2.745775535814411,2.770454667907238,4.895590936573644,2.039730655629455,1.8252649736399695,2.9656001924474613,,1.2946685058283347,3.6814477100826455,3.0097385553401668,7.3704348151416
178,3.6490619194171123,1.7504293739318812,0.5918971762307281,3.269387561712541,2.634571839726497,2.606402788010162,4.759694384652185,1.9355171371982127,1.7594539234085482,2.848992647374061,,1.1277509501473288,3.5821899711113843,2.877660841734389,7.157723745777853
179,3.51812731979859,1.686281630857497,0.5304440060800932,3.166981753169631,2.5452194529987886,2.509338277778549,4.656516807959313,1.6842431476473418,1.6947911620050726,2.744425482949102,,1.0015943512365082,3.4927302619604954,2.780704156680657,6.991470842281412
180,3.3706999579553445,1.5748445262328257,0.4886749507610644,3.0875317023628885,2.4608361254720466,2.412539601676982,4.47310223465948,1.5687365487173135,1.5688342888371534,2.653093501260869,,0.9134133154780151,3.4021696470006537,2.6702557416762174,6.766649879140725
181,3.260567760687897,1.512567460388037,0.4165645189749199,2.876995037453865,2.3393779234427794,2.31487076544134,4.344802942100107,1.4619333189041241,1.49515813699741,2.5664392079549474,,0.8082824396381516,3.2985785132311527,2.5351660339817785,6.5921474569556
182,3.1752806288530113,1.4136297711466261,0.36210798243803394,2.771296735278751,2.261680316492232,2.1843400448532044,4.23728245681534,1.374700605196565,1.4341495603281225,2.4764136252541986,,0.7309688109547757,3.161158816975104,2.3845651397837697,6.450492906142914
183,3.043872664344703,1.3434553988845248,0.310797817786289,2.6752524721201203,2.1710297442907702,2.1252070469747153,4.10606072897756,1.2600621739857056,1.3762214242971824,2.3741581033740125,,0.6381393355326893,3.031560232838768,2.3048191874815562,6.26155189552011
184,2.937386934496163,1.2746657291506807,0.27377351949908035,2.583508400013593,2.0972348471392643,2.0660788542870177,4.016147169250041,1.1800276918227006,1.307308700336726,2.2882572230034186,,0.5752563713433836,2.9295980233360543,2.2113920532281974,6.090474400145577
185,2.8170767990983046,1.2190288318222262,0.23352774342584845,2.486491140555812,2.0224847076636374,1.9797475721604942,3.8917929305384766,1.105426767725068,1.2299506629316208,2.187973408869461,,0.5111703071642304,2.8356833157537737,2.090263236484005,5.942235092673311
186,2.725770700866588,1.1636804615384289,0.1714784456020915,2.3777702116659922,1.9382729212566987,1.9056502502180943,3.765375758480117,1.0181940540175087,1.1724073580300722,2.1086158037879534,,0.45771472423436155,2.7278417183032295,1.9812421728968153,5.784112215251236
187,2.6075373015580534,1.118636164128026,0.12864762957210607,2.2983201608592494,1.8680996989783822,1.8465172523396047,3.666892796614328,0.9148830292318922,1.1192445159497557,1.966990227886252,,0.3974637378406404,2.651771459318049,1.901496220594601,5.649702119535851
188,2.5180959753954473,1.014310002352145,0.09162333128489737,2.195914352316339,1.7873115742607815,1.7834426904048604,3.5623865866955735,0.8391651640718343,1.0737477817072962,1.8872275835610894,,0.3517975507230079,2.569926263069969,1.7899863399742764,5.46525294111574
189,2.4167001108908095,0.9661028930142765,0.05439196309004442,2.103582112488985,1.6901122655115057,1.6891360351173395,3.460891405696325,0.7755863312329965,1.0142824992727726,1.8004895722761416,,0.2678942663599072,2.4909654341356764,1.6965592057209173,5.330681664035169
190,2.3259418868791144,0.921205568157783,0.028303606180005783,2.0219351222413784,1.6017836251316675,1.6182331920207758,3.3493511712703508,0.689468873208753,0.973616031792113,1.7056350139420957,,0.22048100130526857,2.404128886226326,1.5999968874968518,5.2016815945652795
191,2.2523914878126945,0.8686357899508922,0.004501211962233624,1.9464706835311354,1.5279887279801616,1.5591049993330783,3.195877250334128,0.6457601154861292,0.9123643595142203,1.613117458024046,,0.1788229752585865,2.301364458997641,1.519521910832643,5.030351381157742
192,2.1632742593802394,0.8235914925404894,0.0,1.868237459482771,1.4373381557787,1.4999720014545892,3.0998892450983426,0.5992878749496464,0.8681017786888686,1.5442631550937151,,0.1218593020887962,2.2276690609387466,1.4185454450491635,4.9006131614747055
193,2.085223178876127,0.7783234017618736,,1.814846694986579,1.3700597601222317,1.440843808766892,2.9875043130782575,0.5445555220672444,0.8274191797582937,1.4692269256269848,,0.0937446794886744,2.163333328398384,1.354637383447182,4.775243753957022
194,2.011632265695015,0.7158239079812009,,1.7552474873098578,1.2953096206466048,1.3777692468321472,2.8731429723137065,0.4912364753043368,0.7777708689357025,1.4017916224855826,,0.055573450904066804,2.092420693530919,1.2725440016399423,4.580811365391474
195,1.8939409820279067,0.6790469193478482,,1.7018567228136647,1.2251363983682884,1.306866403735583,2.7706522458577663,0.4164772114575025,0.737104401455043,1.3383062378058528,,0.02856030767783479,2.018435026723152,1.183147113165757,4.391355701962134
196,1.7663406380681639,0.6445400070209544,,1.6147923429978823,1.1443482736506874,1.247733405857094,2.6271618625937894,0.3675529200532609,0.6666607792887084,1.2678329989307,,0.007141636104076458,1.9447477328172655,1.1150791687680448,4.20085755629931
197,1.670624075555125,0.6077630183876017,,1.5475231718519118,1.0576301513474267,1.1886052131693967,2.528678900728,0.3142338732903533,0.6297909806980667,1.2160293309339543,,0.004483441292736331,1.8583038098223728,1.0573813569820774,4.089758584465487
198,1.5870892635712357,0.5711713911908166,,1.4659547862369469,0.9838352541959207,1.0997483751877828,2.3711701845682076,0.24641610626745394,0.5948593990684674,1.151501310030078,,0.0018252464813962037,1.7939680772820106,0.9843064784822999,3.969306075900392
199,1.513538864504816,0.5320145244005627,,1.4169346197317592,0.8931846819944589,1.0406201825000856,2.288422038433955,0.19749181486321238,0.5440709401473923,1.0835271430389666,,0.0,1.720272679223116,0.9266086666963324,3.865506892744939
200,1.4461323664653163,0.49542289720377763,,1.3626266125176467,0.8193897848429531,0.9697173394035219,2.198874633972982,0.14275946198081038,0.5097819330444155,1.0265955232378419,,,1.629039264592819,0.8410575832086703,3.7558976397612733
201,1.3657917375986603,0.4501436258388358,,1.306598663322013,0.7446396453673261,0.906642777468777,2.101800111654833,0.09366936240402578,0.46889416179093263,0.9770263006350215,,,1.5467822251501762,0.7679827047088928,3.6527424319132638
202,1.3003540385523995,0.4133666372054833,,1.250599069592268,0.679547349778037,0.8475097795902877,1.986952414081185,0.053594257271787404,0.4320243632002911,0.925971808224207,,,1.4814454225231255,0.7041352196757338,3.539078122865865
203,1.2106269084691754,0.3800122176775773,,1.2051370779469863,0.5726208734615171,0.7590093069210707,1.8941415272169835,0.012704406239490429,0.3970927815706917,0.8806974719974868,,,1.4176000469975463,0.6322375012703831,3.430162825365463
204,1.1389789960625958,0.34550530535068336,,1.1352240594974083,0.5024410780617325,0.6899504271845417,1.8011082612225553,0.0,0.36472733037082866,0.8449914293049345,,,1.3305834565356442,0.5510802705556018,3.346658633765673
205,1.0571737702356474,0.3063484385604295,,1.0862038929922204,0.43727362366027583,0.6134394997658841,1.6871903146180594,,0.3322301732106788,0.7988484289250362,,,1.2206297301588624,0.5074573693938209,3.2269921114059263
206,0.990329346393454,0.2620818404288435,,1.0301759437965867,0.36906291068690217,0.571575986098059,1.585289842674089,,0.3026148736834541,0.7594688178816731,,,1.159007731737323,0.4415732958517966,3.139824061300658
207,0.9192229650303905,0.232149314763159,,0.9847139521513046,0.2851039359871257,0.5343535912790316,1.4835328183285885,,0.2712795869747954,0.7237627751891209,,,1.1091978895404826,0.3979503946900156,3.0550779197722835
208,0.8403701170767172,0.2042678249462134,,0.9282242694163013,0.21027838636557325,0.4942604716785035,1.3989912694399635,,0.24245797287000415,0.6888812332067459,,,1.0525301138505012,0.3424569792487962,2.966232625048661
209,0.7871652012579355,0.17678786183520226,,0.8792041029111133,0.16809892099106105,0.45764388954720575,1.2893736874159505,,0.19765559916807285,0.6488291926213181,,,0.9875458957812504,0.2900454183402487,2.830206471667526
210,0.6901669426598556,0.14685533616951776,,0.8337421112658314,0.11534146656140076,0.4273665326458026,1.1623721495411303,,0.16804029964084807,0.6077559875578532,,,0.9304790337512184,0.2358567527886635,2.755913208751077
211,0.6363195268522723,0.11897384635257219,,0.7638290928162538,0.08639972693700654,0.3788135528831033,1.0786429105988706,,0.13677186647388945,0.5722160130484045,,,0.880669191554378,0.19223385162688245,2.629907898802613
212,0.5694968560062401,0.09149388324156105,,0.70780114362062,0.05812173927064102,0.34559672762097743,1.0047470681867239,,0.1133192217593603,0.5415754087331034,,,0.8220636100595949,0.1282256976363633,2.551098334619355
213,0.5223495754676639,0.06142608306041278,,0.6587809771154319,0.028025547472993392,0.3147867963663272,0.9323977470540441,,0.09195860652768018,0.5065174993290626,,,0.7563725265764589,0.07707936146654833,2.437287051641324
214,0.46184229247964903,0.03138850222317316,,0.6022912943804285,0.00370306746304613,0.28450943946492413,0.8570391879185753,,0.07044879320137712,0.47508325436586024,,,0.6998562480055732,0.041329935705588725,2.2834250336758557
215,0.42365267692078873,0.011519619831962207,,0.5568293027351467,0.0,0.25072250061439494,0.778094719374825,,0.04366655780522863,0.43445126856049143,,,0.6431884723155917,0.01916608317554567,2.1934732150176086
216,0.3867166171729507,0.002872327164943637,,0.5078091362299586,,0.2039699809632989,0.6981672754247293,,0.022305942573548503,0.3943992279750637,,,0.5881037786426473,0.002647927910168852,2.117001201411008
217,0.34068026114722055,0.0016855381127891262,,0.4517811870343249,,0.17316004970864873,0.6330174882979849,,0.004556714100301754,0.36375862365976247,,,0.5467267799348099,0.0,2.065673935936655
218,0.2999788368278665,0.0004987490606346155,,0.4016941164905822,,0.13994322444652282,0.5585872453361692,,0.0,0.32821864915031385,,,0.49200846749911303,,1.9942999237214718
219,0.26304277708002843,0.0,,0.363370263971004,,0.1096658675451197,0.49341129046573073,,,0.287145444086849,,,0.445096654860781,,1.926218569887833
220,0.22485316152116822,,,0.32391428342064593,,0.07587892869459051,0.4461170069327169,,,0.2557111991236466,,,0.3787421141637484,,1.8271085669799632
221,0.1775265019314789,,,0.2605833390658506,,0.0457323502417282,0.3854878979896515,,,0.22065328971960585,,,0.32413556865401844,,1.7581304360647731
222,0.12606391325791746,,,0.22225948654627242,,0.01980621658119066,0.3189288342025854,,,0.18060124913417816,,,0.27788041528512253,,1.6873001086587562
223,0.08536248893856342,,,0.16567158366417245,,0.0017326242908069327,0.25791110579131216,,,0.14996064481887697,,,0.2278474052318844,,1.615926096443573
224,0.042618173544408576,,,0.12008768969771626,,0.0,0.2027121468992948,,,0.11852639985567459,,,0.18647040652404703,,1.532933114864953
225,0.0182868091312183,,,0.07540487405666602,,,0.15805686323872647,,,0.08952669556367258,,,0.13683413354450522,,1.4787209506143382
226,0.003933281682422348,,,0.05022441717364413,,,0.10909668461901974,,,0.05523897364979601,,,0.08992232090617318,,1.401256556479595
227,0.0,,,0.024492739811955433,,,0.07253739606279662,,,0.024717453422514253,,,0.049201865709027,,1.3409264148811504
228,,,,0.017715776739932437,,,0.03743781529078174,,,0.0090516456571724,,,0.024772359467783753,,1.2771902168359643
229,,,,0.011349336635381707,,,0.01283104113646825,,,0.0013970081324870334,,,0.006725304641378687,,1.215219217526372
230,,,,0.004572373563358716,,,0.00044865806871695075,,,0.0,,,0.0007008454603278222,,1.1375380683191172
231,,,,0.0,,,0.0,,,,,,0.0,,1.052033008987283
232,,,,,,,,,,,,,,,0.988080472293332
233,,,,,,,,,,,,,,,0.9323864181226914
234,,,,,,,,,,,,,,,0.8708913889800883
235,,,,,,,,,,,,,,,0.8252365169621524
236,,,,,,,,,,,,,,,0.7807989096935535
237,,,,,,,,,,,,,,,0.7369431305017488
238,,,,,,,,,,,,,,,0.6771344810586646
239,,,,,,,,,,,,,,,0.6356433860609747
240,,,,,,,,,,,,,,,0.5811198855456362
241,,,,,,,,,,,,,,,0.5273932388607235
242,,,,,,,,,,,,,,,0.4815656115650462
243,,,,,,,,,,,,,,,0.42081871156968154
244,,,,,,,,,,,,,,,0.38070791109500723
245,,,,,,,,,,,,,,,0.32714280252991085
246,,,,,,,,,,,,,,,0.28798925206715564
247,,,,,,,,,,,,,,,0.23151217403950183
248,,,,,,,,,,,,,,,0.19140137356482753
249,,,,,,,,,,,,,,,0.15459602980250656
250,,,,,,,,,,,,,,,0.11249635758075534
251,,,,,,,,,,,,,,,0.07959239766890226
252,,,,,,,,,,,,,,,0.04643658652858714
253,,,,,,,,,,,,,,,0.021350931959098537
254,,,,,,,,,,,,,,,0.0052828982880439666
255,,,,,,,,,,,,,,,0.0
